tradeDate,ticker,scenario,pandar_approval_scope,pandar_direct_portion,project_derived_portion,first_action,source_dataset,ranking_score,stockPrice,return_5d_pct,drawdown_20d_pct,ivRank1y,rr25_pct252,callskew_pct252,putskew_pct252,call_wing_10_pct252,call_kink_pct252,avgOptVolu20d,oi,dollar_stock_volume,chain_confirmed,failure_reason,option_side,expiry,dte,leg1_action,leg1_strike,leg1_delta,leg1_bid,leg1_ask,leg1_oi,leg1_volume,leg2_action,leg2_strike,leg2_bid,leg2_ask,leg2_oi,leg2_volume,spread_width,entry_cash,target_leg2_price,long_otm_pct,lower_otm_pct,hiro_followup_available_sessions,hiro_followup_first_session,hiro_followup_last_session
2026-08-19,MSTR,sell-first call grab,Pandar-direct call-tail sale/crush core only; conversion is derived,sell unusually overpriced far-OTM front-weekly call tails; expect local wing crush; size for strike touch,RR/wing/kink gates; 2-6 delta and 5-19 DTE selection; nearer-call conversion; order and stop rules,sell far-OTM call,2026-08-11_to_2026-08-27_call_scan,53.45238095238095,103.87,9.405940594059414,0.0,47.73,0.3968253968253968,96.82539682539682,,92.06349206349206,84.92063492063492,380247.45,2868838,1481139079.56,True,,,2026-08-28,10.0,STO,140.0,0.0335747081352059,0.24,0.29,762.0,2338.0,BTO,135.0,0.3,0.39,565.0,935.0,5.0,0.24,0.1399999999999999,,,9,2026-08-21,2026-09-04
2026-08-20,MSTR,sell-first call grab,Pandar-direct call-tail sale/crush core only; conversion is derived,sell unusually overpriced far-OTM front-weekly call tails; expect local wing crush; size for strike touch,RR/wing/kink gates; 2-6 delta and 5-19 DTE selection; nearer-call conversion; order and stop rules,sell far-OTM call,2026-08-11_to_2026-08-27_call_scan,54.08730158730158,112.06,14.370279648907935,0.0,54.85,0.0,99.2063492063492,,96.42857142857144,88.88888888888889,397418.85,3013208,1808857700.25,True,,,2026-08-28,9.0,STO,150.0,0.0430813490575061,0.32,0.38,2474.0,1949.0,BTO,145.0,0.43,0.5,442.0,396.0,5.0,0.32,0.22,,,9,2026-08-21,2026-09-04
2026-08-21,MSTR,sell-first call grab,Pandar-direct call-tail sale/crush core only; conversion is derived,sell unusually overpriced far-OTM front-weekly call tails; expect local wing crush; size for strike touch,RR/wing/kink gates; 2-6 delta and 5-19 DTE selection; nearer-call conversion; order and stop rules,sell far-OTM call,2026-08-11_to_2026-08-27_call_scan,53.69047619047619,119.14,27.61353898886032,0.0,55.29,0.3968253968253968,98.41269841269842,,97.22222222222224,79.36507936507937,426973.9,3170021,2131369017.55,True,,,2026-08-28,8.0,STO,160.0,0.0382844360139652,0.26,0.32,442.0,2691.0,BTO,155.0,0.34,0.39,1237.0,2797.0,5.0,0.26,0.16,,,8,2026-08-24,2026-09-04
2026-08-24,MSTR,sell-first call grab,Pandar-direct call-tail sale/crush core only; conversion is derived,sell unusually overpriced far-OTM front-weekly call tails; expect local wing crush; size for strike touch,RR/wing/kink gates; 2-6 delta and 5-19 DTE selection; nearer-call conversion; order and stop rules,sell far-OTM call,2026-08-11_to_2026-08-27_call_scan,54.38492063492064,122.28,25.03067484662578,0.0,54.13,1.1904761904761905,99.6031746031746,,94.84126984126983,98.015873015873,437998.85,2595783,2423662877.25,True,,,2026-08-28,5.0,STO,155.0,0.0354467656584631,0.22,0.27,2940.0,888.0,BTO,152.5,0.25,0.3,0.0,210.0,2.5,0.22,0.12,,,7,2026-08-25,2026-09-04
2026-08-24,CCJ,buy-first put-tail inventory,Pandar-direct inventory program; exact scanner geometry is partly mechanized,accumulate cheap far-OTM 1:1 put vertical inventory; usually about $5 wide and under $0.10; recycle and roll,IV/RR/put-skew gates; fixed 25-45% OTM band; complete-at-entry rule; universal 3x/5x exits,buy complete put spread in this implementation,2026-08-24_to_2026-09-02_four_method_scan,26.904761904761905,102.31,3.605063291139232,0.0,30.0,21.428571428571427,71.03174603174604,19.047619047619047,56.34920634920635,72.61904761904762,26037.2,400454,309120647.67,True,,put,2026-09-18,26.0,BTO,75.0,0.99302282201715,0.03,0.06,3268.0,3.0,STO,70.0,0.01,0.05,1218.0,0.0,5.0,0.0499999999999999,,26.693382856025806,,5,2026-08-27,2026-09-04
2026-08-24,CRWV,buy-first put-tail inventory,Pandar-direct inventory program; exact scanner geometry is partly mechanized,accumulate cheap far-OTM 1:1 put vertical inventory; usually about $5 wide and under $0.10; recycle and roll,IV/RR/put-skew gates; fixed 25-45% OTM band; complete-at-entry rule; universal 3x/5x exits,buy complete put spread in this implementation,2026-08-24_to_2026-09-02_four_method_scan,46.745714285714286,86.34,-18.654607122668175,-20.077756178839213,17.54,0.7936507936507936,98.015873015873,2.7777777777777777,81.74603174603175,57.142857142857146,257382.95,2029389,2855173405.35,True,,put,2026-09-18,26.0,BTO,47.5,0.9972031136234032,0.04,0.06,1284.0,13.0,STO,42.5,0.01,0.09,386.0,5.0,5.0,0.0499999999999999,,44.984943247625665,,5,2026-08-27,2026-09-04
2026-08-24,GOOG,buy-first put-tail inventory,Pandar-direct inventory program; exact scanner geometry is partly mechanized,accumulate cheap far-OTM 1:1 put vertical inventory; usually about $5 wide and under $0.10; recycle and roll,IV/RR/put-skew gates; fixed 25-45% OTM band; complete-at-entry rule; universal 3x/5x exits,buy complete put spread in this implementation,2026-08-24_to_2026-09-02_four_method_scan,30.94904761904762,345.57,1.286710827129367,-8.429169537336367,26.67,26.19047619047619,53.96825396825397,10.714285714285714,82.14285714285714,75.39682539682539,178516.55,1668003,6190338520.5,True,,put,2026-09-18,26.0,BTO,255.0,0.9993424931239288,0.09,0.13,2237.0,2.0,STO,250.0,0.08,0.14,8145.0,80.0,5.0,0.05,,26.20887229794253,,5,2026-08-27,2026-09-04
2026-08-24,GOOGL,buy-first put-tail inventory,Pandar-direct inventory program; exact scanner geometry is partly mechanized,accumulate cheap far-OTM 1:1 put vertical inventory; usually about $5 wide and under $0.10; recycle and roll,IV/RR/put-skew gates; fixed 25-45% OTM band; complete-at-entry rule; universal 3x/5x exits,buy complete put spread in this implementation,2026-08-24_to_2026-09-02_four_method_scan,29.094603174603176,349.19,1.6328074975260565,-8.105476459906846,29.08,24.20634920634921,59.92063492063492,9.92063492063492,74.60317460317461,54.36507936507937,471646.7,3130467,9255976019.22,True,,put,2026-10-16,54.0,BTO,235.0,0.9960895069635434,0.16,0.2,495.0,19.0,STO,230.0,0.14,0.19,449.0,5.0,5.0,0.06,,32.701394656204364,,5,2026-08-27,2026-09-04
2026-08-24,NVDA,buy-first put-tail inventory,Pandar-direct inventory program; exact scanner geometry is partly mechanized,accumulate cheap far-OTM 1:1 put vertical inventory; usually about $5 wide and under $0.10; recycle and roll,IV/RR/put-skew gates; fixed 25-45% OTM band; complete-at-entry rule; universal 3x/5x exits,buy complete put spread in this implementation,2026-08-24_to_2026-09-02_four_method_scan,44.36174603174603,208.45,-7.585564816456825,-7.6306110692604285,16.67,9.523809523809524,90.07936507936508,10.317460317460318,86.11111111111111,94.44444444444444,3119183.3,13516184,24886162875.2,True,,put,2026-09-18,26.0,BTO,130.0,0.998789259630804,0.12,0.13,29912.0,377.0,STO,125.0,0.1,0.11,39162.0,9479.0,5.0,0.03,,37.634924442312304,,5,2026-08-27,2026-09-04
2026-08-24,PLTR,buy-first put-tail inventory,Pandar-direct inventory program; exact scanner geometry is partly mechanized,accumulate cheap far-OTM 1:1 put vertical inventory; usually about $5 wide and under $0.10; recycle and roll,IV/RR/put-skew gates; fixed 25-45% OTM band; complete-at-entry rule; universal 3x/5x exits,buy complete put spread in this implementation,2026-08-24_to_2026-09-02_four_method_scan,35.73079365079364,176.72,2.2626005439499997,-1.7458022906705284,17.92,32.142857142857146,57.53968253968254,24.603174603174605,40.07936507936508,70.63492063492063,613243.7,3425968,8271661500.12,True,,put,2026-09-18,26.0,BTO,105.0,0.9994686015612064,0.13,0.16,8391.0,47.0,STO,100.0,0.12,0.15,14719.0,26.0,5.0,0.04,,40.58397464916251,,4,2026-08-27,2026-09-01
2026-08-24,TGT,buy-first put-tail inventory,Pandar-direct inventory program; exact scanner geometry is partly mechanized,accumulate cheap far-OTM 1:1 put vertical inventory; usually about $5 wide and under $0.10; recycle and roll,IV/RR/put-skew gates; fixed 25-45% OTM band; complete-at-entry rule; universal 3x/5x exits,buy complete put spread in this implementation,2026-08-24_to_2026-09-02_four_method_scan,43.97888888888889,169.44,11.98202366003569,0.0,14.91,17.46031746031746,78.57142857142857,13.095238095238097,47.61904761904762,46.82539682539682,36284.45,426834,723325352.64,True,,put,2026-09-18,26.0,BTO,125.0,0.999233764369018,0.01,0.03,899.0,64.0,STO,120.0,0.01,0.04,5744.0,1.0,5.0,0.0199999999999999,,26.227573182247397,,5,2026-08-27,2026-09-04
2026-08-25,BE,buy-first put-tail inventory,Pandar-direct inventory program; exact scanner geometry is partly mechanized,accumulate cheap far-OTM 1:1 put vertical inventory; usually about $5 wide and under $0.10; recycle and roll,IV/RR/put-skew gates; fixed 25-45% OTM band; complete-at-entry rule; universal 3x/5x exits,buy complete put spread in this implementation,2026-08-24_to_2026-09-02_four_method_scan,46.42523809523809,216.23,2.9715700747654505,-9.303301036030376,11.67,18.650793650793652,78.57142857142857,15.873015873015872,76.98412698412699,73.80952380952381,129056.45,896382,3389927157.2200003,True,,put,2026-09-18,25.0,BTO,130.0,0.9852311403267424,0.3,0.35,1913.0,33.0,STO,125.0,0.25,0.3,672.0,19.0,5.0,0.0999999999999999,,39.87883272441381,,5,2026-08-27,2026-09-04
2026-08-25,CRWV,buy-first put-tail inventory,Pandar-direct inventory program; exact scanner geometry is partly mechanized,accumulate cheap far-OTM 1:1 put vertical inventory; usually about $5 wide and under $0.10; recycle and roll,IV/RR/put-skew gates; fixed 25-45% OTM band; complete-at-entry rule; universal 3x/5x exits,buy complete put spread in this implementation,2026-08-24_to_2026-09-02_four_method_scan,45.81095238095238,88.01,-6.172707889125794,-18.53188929001203,16.57,5.9523809523809526,93.25396825396824,7.142857142857143,66.66666666666667,41.666666666666664,251704.05,2108922,2779319137.5,True,,put,2026-09-18,25.0,BTO,55.0,0.9880113324421876,0.1,0.13,3789.0,32.0,STO,50.0,0.05,0.07,6685.0,25.0,5.0,0.08,,37.50710146574253,,5,2026-08-27,2026-09-04
2026-08-25,GOOG,buy-first put-tail inventory,Pandar-direct inventory program; exact scanner geometry is partly mechanized,accumulate cheap far-OTM 1:1 put vertical inventory; usually about $5 wide and under $0.10; recycle and roll,IV/RR/put-skew gates; fixed 25-45% OTM band; complete-at-entry rule; universal 3x/5x exits,buy complete put spread in this implementation,2026-08-24_to_2026-09-02_four_method_scan,44.24587301587302,343.43,0.3946445275958998,-8.996237214478775,18.77,5.9523809523809526,87.6984126984127,3.968253968253968,78.17460317460318,49.6031746031746,174131.85,1694874,6157495594.91,True,,put,2026-09-18,25.0,BTO,190.0,0.999366434584798,0.01,0.09,1274.0,5.0,STO,185.0,0.01,0.03,440.0,17.0,5.0,0.08,,44.67577089945549,,5,2026-08-27,2026-09-04
2026-08-25,GOOGL,buy-first put-tail inventory,Pandar-direct inventory program; exact scanner geometry is partly mechanized,accumulate cheap far-OTM 1:1 put vertical inventory; usually about $5 wide and under $0.10; recycle and roll,IV/RR/put-skew gates; fixed 25-45% OTM band; complete-at-entry rule; universal 3x/5x exits,buy complete put spread in this implementation,2026-08-24_to_2026-09-02_four_method_scan,42.44714285714286,347.02,0.78122731100978,-8.676544119582097,20.41,7.142857142857143,78.17460317460318,3.5714285714285716,80.55555555555556,50.79365079365079,465960.4,3149256,9253345649.4,True,,put,2026-10-16,53.0,BTO,250.0,0.9899253662469938,0.21,0.25,3450.0,18.0,STO,245.0,0.2,0.26,916.0,1.0,5.0,0.0499999999999999,,27.958042764105805,,5,2026-08-27,2026-09-04
2026-08-25,IREN,buy-first put-tail inventory,Pandar-direct inventory program; exact scanner geometry is partly mechanized,accumulate cheap far-OTM 1:1 put vertical inventory; usually about $5 wide and under $0.10; recycle and roll,IV/RR/put-skew gates; fixed 25-45% OTM band; complete-at-entry rule; universal 3x/5x exits,buy complete put spread in this implementation,2026-08-24_to_2026-09-02_four_method_scan,59.126984126984134,42.08,-0.2134218638842888,-6.384872080088999,0.0,15.07936507936508,78.96825396825396,14.285714285714286,66.26984126984127,91.26984126984128,270564.75,2366823,1850839194.96,True,,put,2026-09-18,25.0,BTO,25.0,0.9788928551644808,0.1,0.13,6282.0,243.0,STO,20.0,0.05,0.06,50109.0,127.0,5.0,0.08,,40.5893536121673,,6,2026-08-27,2026-09-04
2026-08-25,NVDA,buy-first put-tail inventory,Pandar-direct inventory program; exact scanner geometry is partly mechanized,accumulate cheap far-OTM 1:1 put vertical inventory; usually about $5 wide and under $0.10; recycle and roll,IV/RR/put-skew gates; fixed 25-45% OTM band; complete-at-entry rule; universal 3x/5x exits,buy complete put spread in this implementation,2026-08-24_to_2026-09-02_four_method_scan,39.460317460317455,212.38,-3.1863974107672055,-5.889130145788091,23.0,7.142857142857143,89.68253968253968,5.555555555555555,86.5079365079365,96.03174603174604,3093437.85,13982418,24362670712.48,True,,put,2026-09-18,25.0,BTO,120.0,0.9988365789937478,0.07,0.08,38977.0,1078.0,STO,115.0,0.07,0.08,9354.0,123.0,5.0,0.0099999999999999,,43.497504473114226,,5,2026-08-27,2026-09-04
2026-08-25,SCHW,buy-first put-tail inventory,Pandar-direct inventory program; exact scanner geometry is partly mechanized,accumulate cheap far-OTM 1:1 put vertical inventory; usually about $5 wide and under $0.10; recycle and roll,IV/RR/put-skew gates; fixed 25-45% OTM band; complete-at-entry rule; universal 3x/5x exits,buy complete put spread in this implementation,2026-08-24_to_2026-09-02_four_method_scan,39.44730158730158,113.07,1.2809029021855878,-0.352516083546317,22.14,8.333333333333334,82.14285714285714,8.73015873015873,41.26984126984127,21.428571428571427,18642.7,437328,789927620.85,True,,put,2026-09-18,25.0,BTO,77.5,0.999932141033882,0.01,0.08,1706.0,31.0,STO,75.0,0.01,0.03,3542.0,4.0,2.5,0.07,,31.458388608826382,,5,2026-08-27,2026-09-04
2026-08-25,SOFI,buy-first put-tail inventory,Pandar-direct inventory program; exact scanner geometry is partly mechanized,accumulate cheap far-OTM 1:1 put vertical inventory; usually about $5 wide and under $0.10; recycle and roll,IV/RR/put-skew gates; fixed 25-45% OTM band; complete-at-entry rule; universal 3x/5x exits,buy complete put spread in this implementation,2026-08-24_to_2026-09-02_four_method_scan,38.66428571428571,18.81,5.733558178752096,-0.370762711864403,17.05,30.555555555555557,44.04761904761905,15.873015873015872,15.476190476190476,50.3968253968254,357360.6,3835337,1107219965.76,True,,put,2026-10-16,53.0,BTO,11.0,0.9929013896499028,0.01,0.05,3970.0,10.0,STO,8.0,0.01,0.04,428.0,12.0,3.0,0.04,,41.5204678362573,,7,2026-08-27,2026-09-04
2026-08-26,AMZN,buy-first put-tail inventory,Pandar-direct inventory program; exact scanner geometry is partly mechanized,accumulate cheap far-OTM 1:1 put vertical inventory; usually about $5 wide and under $0.10; recycle and roll,IV/RR/put-skew gates; fixed 25-45% OTM band; complete-at-entry rule; universal 3x/5x exits,buy complete put spread in this implementation,2026-08-24_to_2026-09-02_four_method_scan,23.945396825396823,260.29,-1.9327857734910636,-8.71821848150095,32.88,21.03174603174603,76.98412698412699,19.84126984126984,63.492063492063494,69.04761904761905,864776.05,4400043,12065978347.62,True,,put,2026-09-18,24.0,BTO,180.0,0.9998349367626108,0.06,0.08,8577.0,1.0,STO,175.0,0.05,0.07,11815.0,0.0,5.0,0.03,,30.846363671289723,,6,2026-08-27,2026-09-04
2026-08-26,BE,buy-first put-tail inventory,Pandar-direct inventory program; exact scanner geometry is partly mechanized,accumulate cheap far-OTM 1:1 put vertical inventory; usually about $5 wide and under $0.10; recycle and roll,IV/RR/put-skew gates; fixed 25-45% OTM band; complete-at-entry rule; universal 3x/5x exits,buy complete put spread in this implementation,2026-08-24_to_2026-09-02_four_method_scan,51.62746031746032,219.77,7.367238262738773,-7.818463990604418,8.69,15.476190476190476,77.38095238095238,7.936507936507937,81.74603174603175,79.36507936507937,121345.95,926271,3605226844.15,True,,put,2026-09-18,24.0,BTO,135.0,0.9849700327116784,0.29,0.33,2731.0,44.0,STO,130.0,0.23,0.25,1918.0,69.0,5.0,0.1,,38.57214360467762,,5,2026-08-27,2026-09-04
2026-08-26,BMNR,buy-first put-tail inventory,Pandar-direct inventory program; exact scanner geometry is partly mechanized,accumulate cheap far-OTM 1:1 put vertical inventory; usually about $5 wide and under $0.10; recycle and roll,IV/RR/put-skew gates; fixed 25-45% OTM band; complete-at-entry rule; universal 3x/5x exits,buy complete put spread in this implementation,2026-08-24_to_2026-09-02_four_method_scan,42.123492063492066,25.09,24.45436507936507,0.0,14.94,20.238095238095237,77.38095238095238,19.444444444444443,65.07936507936508,69.04761904761905,139502.95,1530090,905057080.6,True,,put,2026-09-18,24.0,BTO,18.0,0.9556906816351352,0.1,0.11,3170.0,67.0,STO,13.0,0.01,0.06,2499.0,3.0,5.0,0.1,,28.258270227182148,,5,2026-08-27,2026-09-04
2026-08-26,IREN,buy-first put-tail inventory,Pandar-direct inventory program; exact scanner geometry is partly mechanized,accumulate cheap far-OTM 1:1 put vertical inventory; usually about $5 wide and under $0.10; recycle and roll,IV/RR/put-skew gates; fixed 25-45% OTM band; complete-at-entry rule; universal 3x/5x exits,buy complete put spread in this implementation,2026-08-24_to_2026-09-02_four_method_scan,59.76190476190476,39.66,-6.550424128180965,-11.768631813125708,0.0,13.88888888888889,82.14285714285714,12.301587301587302,83.33333333333333,93.65079365079364,265555.75,2428882,1957233632.76,True,,put,2026-09-18,24.0,BTO,24.0,0.9781495917356328,0.08,0.12,383.0,10.0,STO,19.0,0.02,0.05,1407.0,1.0,5.0,0.0999999999999999,,39.485627836611194,,6,2026-08-27,2026-09-04
2026-08-26,MRNA,buy-first put-tail inventory,Pandar-direct inventory program; exact scanner geometry is partly mechanized,accumulate cheap far-OTM 1:1 put vertical inventory; usually about $5 wide and under $0.10; recycle and roll,IV/RR/put-skew gates; fixed 25-45% OTM band; complete-at-entry rule; universal 3x/5x exits,buy complete put spread in this implementation,2026-08-24_to_2026-09-02_four_method_scan,36.07873015873016,148.58,-11.88993654747078,-11.88993654747078,24.08,12.698412698412698,88.0952380952381,11.507936507936508,69.44444444444444,72.22222222222223,146788.15,962795,4164670311.9,True,,put,2026-09-18,24.0,BTO,90.0,0.9901100921568354,0.16,0.19,966.0,87.0,STO,85.0,0.1,0.15,432.0,15.0,5.0,0.09,,39.42657154394939,,6,2026-08-27,2026-09-04
2026-08-26,NVDA,buy-first put-tail inventory,Pandar-direct inventory program; exact scanner geometry is partly mechanized,accumulate cheap far-OTM 1:1 put vertical inventory; usually about $5 wide and under $0.10; recycle and roll,IV/RR/put-skew gates; fixed 25-45% OTM band; complete-at-entry rule; universal 3x/5x exits,buy complete put spread in this implementation,2026-08-24_to_2026-09-02_four_method_scan,35.189682539682536,209.6,-4.068836102338791,-7.121017414809227,27.35,7.142857142857143,88.4920634920635,5.158730158730159,94.04761904761904,98.015873015873,3023762.3,14525230,24562182328.35,True,,put,2026-09-18,24.0,BTO,120.0,0.9988216036865586,0.07,0.08,39829.0,23.0,STO,115.0,0.07,0.08,9383.0,21.0,5.0,0.0099999999999999,,42.74809160305343,,5,2026-08-27,2026-09-04
2026-08-26,PLTR,buy-first put-tail inventory,Pandar-direct inventory program; exact scanner geometry is partly mechanized,accumulate cheap far-OTM 1:1 put vertical inventory; usually about $5 wide and under $0.10; recycle and roll,IV/RR/put-skew gates; fixed 25-45% OTM band; complete-at-entry rule; universal 3x/5x exits,buy complete put spread in this implementation,2026-08-24_to_2026-09-02_four_method_scan,31.77873015873016,177.71,1.5137667085570738,-1.1953741799177189,23.38,25.79365079365079,63.492063492063494,23.41269841269841,64.28571428571429,86.9047619047619,614950.0,3519181,7955756733.41,True,,put,2026-09-18,24.0,BTO,105.0,0.999419375576211,0.1,0.13,8585.0,89.0,STO,100.0,0.09,0.1,14720.0,91.0,5.0,0.04,,40.91497383377413,,4,2026-08-27,2026-09-01
2026-08-27,AMZN,buy-first put-tail inventory,Pandar-direct inventory program; exact scanner geometry is partly mechanized,accumulate cheap far-OTM 1:1 put vertical inventory; usually about $5 wide and under $0.10; recycle and roll,IV/RR/put-skew gates; fixed 25-45% OTM band; complete-at-entry rule; universal 3x/5x exits,buy complete put spread in this implementation,2026-08-24_to_2026-09-02_four_method_scan,30.099841269841267,256.88,-1.6049335427280045,-9.914080308609496,31.17,9.92063492063492,88.4920634920635,8.73015873015873,72.22222222222223,38.492063492063494,841757.9,4411796,11742211274.759998,True,,put,2026-09-18,23.0,BTO,150.0,0.9999646169988688,0.01,0.02,6260.0,0.0,STO,145.0,0.01,0.07,1582.0,16.0,5.0,0.01,,41.60697601993149,,5,2026-08-28,2026-09-04
2026-08-27,CRWV,buy-first put-tail inventory,Pandar-direct inventory program; exact scanner geometry is partly mechanized,accumulate cheap far-OTM 1:1 put vertical inventory; usually about $5 wide and under $0.10; recycle and roll,IV/RR/put-skew gates; fixed 25-45% OTM band; complete-at-entry rule; universal 3x/5x exits,buy complete put spread in this implementation,2026-08-24_to_2026-09-02_four_method_scan,52.38507936507936,86.67,-3.4317548746518045,-19.77228547625659,11.98,1.1904761904761905,95.23809523809524,1.984126984126984,78.96825396825396,25.0,241201.35,2168148,2750526716.34,True,,put,2026-09-18,23.0,BTO,50.0,0.9977888731323408,0.03,0.06,6667.0,104.0,STO,45.0,0.01,0.05,3498.0,0.0,5.0,0.0499999999999999,,42.30991115726318,,4,2026-08-28,2026-09-04
2026-08-27,GOOG,buy-first put-tail inventory,Pandar-direct inventory program; exact scanner geometry is partly mechanized,accumulate cheap far-OTM 1:1 put vertical inventory; usually about $5 wide and under $0.10; recycle and roll,IV/RR/put-skew gates; fixed 25-45% OTM band; complete-at-entry rule; universal 3x/5x exits,buy complete put spread in this implementation,2026-08-24_to_2026-09-02_four_method_scan,47.84301587301587,337.64,-0.2157401660903835,-10.5304997615136,13.03,11.11111111111111,78.17460317460318,9.523809523809524,72.61904761904762,31.746031746031747,170559.4,1752664,5862044080.6,True,,put,2026-10-16,51.0,BTO,230.0,0.9964686078036274,0.1,0.15,859.0,2.0,STO,225.0,0.09,0.14,895.0,4.0,5.0,0.06,,31.880108991825608,,4,2026-08-28,2026-09-04
2026-08-27,GOOGL,buy-first put-tail inventory,Pandar-direct inventory program; exact scanner geometry is partly mechanized,accumulate cheap far-OTM 1:1 put vertical inventory; usually about $5 wide and under $0.10; recycle and roll,IV/RR/put-skew gates; fixed 25-45% OTM band; complete-at-entry rule; universal 3x/5x exits,buy complete put spread in this implementation,2026-08-24_to_2026-09-02_four_method_scan,50.62587301587302,340.69,-0.0938388903551246,-10.342377430985028,12.39,6.349206349206349,83.73015873015873,3.5714285714285716,75.0,32.53968253968254,457051.9,3232489,8816500764.0,True,,put,2026-10-16,51.0,BTO,245.0,0.9907708105785435,0.2,0.23,951.0,7.0,STO,240.0,0.16,0.22,1808.0,44.0,5.0,0.07,,28.08711732073146,,4,2026-08-28,2026-09-04
2026-08-27,NBIS,buy-first put-tail inventory,Pandar-direct inventory program; exact scanner geometry is partly mechanized,accumulate cheap far-OTM 1:1 put vertical inventory; usually about $5 wide and under $0.10; recycle and roll,IV/RR/put-skew gates; fixed 25-45% OTM band; complete-at-entry rule; universal 3x/5x exits,buy complete put spread in this implementation,2026-08-24_to_2026-09-02_four_method_scan,33.47904761904762,216.19,-0.2997601918465209,-20.873288924676093,24.14,21.428571428571427,70.63492063492063,15.476190476190476,83.33333333333333,35.317460317460316,243154.55,1332572,5786258197.41,True,,put,2026-09-18,23.0,BTO,120.0,0.9941120305624416,0.19,0.24,4506.0,156.0,STO,115.0,0.18,0.22,1760.0,27.0,5.0,0.06,,44.49326980896433,,4,2026-08-28,2026-09-04
2026-08-27,NVDA,buy-first put-tail inventory,Pandar-direct inventory program; exact scanner geometry is partly mechanized,accumulate cheap far-OTM 1:1 put vertical inventory; usually about $5 wide and under $0.10; recycle and roll,IV/RR/put-skew gates; fixed 25-45% OTM band; complete-at-entry rule; universal 3x/5x exits,buy complete put spread in this implementation,2026-08-24_to_2026-09-02_four_method_scan,49.02460317460318,228.35,5.322632719892995,0.0,9.15,11.11111111111111,92.85714285714286,23.015873015873016,67.46031746031746,80.15873015873017,3243404.65,15328583,24496727024.66,True,,put,2026-09-18,23.0,BTO,145.0,0.9989174451959876,0.06,0.08,27160.0,124.0,STO,140.0,0.06,0.07,47220.0,1403.0,5.0,0.02,,36.500985329538,,4,2026-08-28,2026-09-04
2026-08-27,PLTR,buy-first put-tail inventory,Pandar-direct inventory program; exact scanner geometry is partly mechanized,accumulate cheap far-OTM 1:1 put vertical inventory; usually about $5 wide and under $0.10; recycle and roll,IV/RR/put-skew gates; fixed 25-45% OTM band; complete-at-entry rule; universal 3x/5x exits,buy complete put spread in this implementation,2026-08-24_to_2026-09-02_four_method_scan,37.68746031746032,186.24,6.684997422237515,0.0,22.63,15.07936507936508,71.42857142857143,8.333333333333334,46.03174603174603,48.41269841269841,633540.2,3561097,8043232870.0,True,,put,2026-09-18,23.0,BTO,125.0,0.9973604812655856,0.14,0.16,10129.0,1059.0,STO,120.0,0.13,0.14,18752.0,2030.0,5.0,0.03,,32.88230240549829,,3,2026-08-28,2026-09-01
2026-08-28,BMNR,buy-first put-tail inventory,Pandar-direct inventory program; exact scanner geometry is partly mechanized,accumulate cheap far-OTM 1:1 put vertical inventory; usually about $5 wide and under $0.10; recycle and roll,IV/RR/put-skew gates; fixed 25-45% OTM band; complete-at-entry rule; universal 3x/5x exits,buy complete put spread in this implementation,2026-08-24_to_2026-09-02_four_method_scan,45.94984126984127,23.88,4.599211563731931,-7.976878612716765,10.32,24.20634920634921,62.698412698412696,19.444444444444443,58.333333333333336,52.38095238095238,150853.35,1634776,966150017.8,True,,put,2026-09-18,22.0,BTO,15.0,0.9927372900367938,0.02,0.04,6922.0,12631.0,STO,11.0,0.01,0.02,84.0,0.0,4.0,0.03,,37.1859296482412,,3,2026-08-31,2026-09-04
2026-08-28,CRWV,buy-first put-tail inventory,Pandar-direct inventory program; exact scanner geometry is partly mechanized,accumulate cheap far-OTM 1:1 put vertical inventory; usually about $5 wide and under $0.10; recycle and roll,IV/RR/put-skew gates; fixed 25-45% OTM band; complete-at-entry rule; universal 3x/5x exits,buy complete put spread in this implementation,2026-08-24_to_2026-09-02_four_method_scan,60.35444444444444,84.09,-4.789402173913038,-22.160510969175228,4.09,0.7936507936507936,96.42857142857144,1.984126984126984,62.698412698412696,10.317460317460318,240980.9,2206768,2643995877.6,True,,put,2026-09-18,22.0,BTO,50.0,0.998158374528584,0.02,0.06,6754.0,177.0,STO,45.0,0.01,0.05,3498.0,1.0,5.0,0.0499999999999999,,40.5398977286241,,3,2026-08-31,2026-09-04
2026-08-28,CVNA,buy-first put-tail inventory,Pandar-direct inventory program; exact scanner geometry is partly mechanized,accumulate cheap far-OTM 1:1 put vertical inventory; usually about $5 wide and under $0.10; recycle and roll,IV/RR/put-skew gates; fixed 25-45% OTM band; complete-at-entry rule; universal 3x/5x exits,buy complete put spread in this implementation,2026-08-24_to_2026-09-02_four_method_scan,40.12460317460318,73.97,6.095811818703378,-2.401372212692976,23.05,4.365079365079365,93.25396825396824,4.761904761904762,90.07936507936508,25.0,55882.4,1066296,759502739.47,True,,put,2026-09-18,22.0,BTO,45.0,0.998926388074103,0.02,0.06,1852.0,0.0,STO,40.0,0.01,0.06,8945.0,1480.0,5.0,0.0499999999999999,,39.164526159253754,,3,2026-08-31,2026-09-04
2026-08-28,GOOGL,buy-first put-tail inventory,Pandar-direct inventory program; exact scanner geometry is partly mechanized,accumulate cheap far-OTM 1:1 put vertical inventory; usually about $5 wide and under $0.10; recycle and roll,IV/RR/put-skew gates; fixed 25-45% OTM band; complete-at-entry rule; universal 3x/5x exits,buy complete put spread in this implementation,2026-08-24_to_2026-09-02_four_method_scan,48.49793650793651,347.63,0.5088617110474924,-8.516013579304726,13.01,11.507936507936508,72.61904761904762,5.9523809523809526,62.301587301587304,25.79365079365079,438140.85,3364151,8718245230.5,True,,put,2026-10-16,50.0,BTO,235.0,0.998037363688032,0.12,0.16,494.0,16.0,STO,230.0,0.1,0.15,478.0,75.0,5.0,0.06,,32.39939015620056,,3,2026-08-31,2026-09-04
2026-08-28,HOOD,buy-first put-tail inventory,Pandar-direct inventory program; exact scanner geometry is partly mechanized,accumulate cheap far-OTM 1:1 put vertical inventory; usually about $5 wide and under $0.10; recycle and roll,IV/RR/put-skew gates; fixed 25-45% OTM band; complete-at-entry rule; universal 3x/5x exits,buy complete put spread in this implementation,2026-08-24_to_2026-09-02_four_method_scan,31.94555555555556,104.31,-2.431952109250768,-6.599212034383961,28.61,12.698412698412698,75.39682539682539,9.523809523809524,56.34920634920635,19.444444444444443,212786.75,1704223,2111728398.08,True,,put,2026-09-18,22.0,BTO,70.0,0.9928986512609996,0.07,0.1,11447.0,2445.0,STO,65.0,0.03,0.1,8169.0,6.0,5.0,0.07,,32.8923401399674,,3,2026-08-31,2026-09-02
2026-08-28,MRVL,buy-first put-tail inventory,Pandar-direct inventory program; exact scanner geometry is partly mechanized,accumulate cheap far-OTM 1:1 put vertical inventory; usually about $5 wide and under $0.10; recycle and roll,IV/RR/put-skew gates; fixed 25-45% OTM band; complete-at-entry rule; universal 3x/5x exits,buy complete put spread in this implementation,2026-08-24_to_2026-09-02_four_method_scan,36.5884126984127,218.23,-8.167816865847499,-12.578616352201257,26.11,5.555555555555555,93.25396825396824,5.9523809523809526,84.52380952380952,33.333333333333336,192808.55,1749410,5690679033.599999,True,,put,2026-09-18,22.0,BTO,140.0,0.9979361236515972,0.04,0.07,4082.0,41.0,STO,135.0,0.04,0.06,2430.0,19.0,5.0,0.03,,35.8475003436741,,3,2026-08-31,2026-09-04
2026-08-28,NVDA,buy-first put-tail inventory,Pandar-direct inventory program; exact scanner geometry is partly mechanized,accumulate cheap far-OTM 1:1 put vertical inventory; usually about $5 wide and under $0.10; recycle and roll,IV/RR/put-skew gates; fixed 25-45% OTM band; complete-at-entry rule; universal 3x/5x exits,buy complete put spread in this implementation,2026-08-24_to_2026-09-02_four_method_scan,53.07873015873016,216.99,0.7662301476734523,-4.974819356251359,7.08,12.698412698412698,86.5079365079365,11.507936507936508,90.07936507936508,80.55555555555556,3349496.95,16147517,28281156099.199997,True,,put,2026-09-18,22.0,BTO,135.0,0.9988619712951298,0.05,0.06,17971.0,894.0,STO,130.0,0.05,0.06,31916.0,5187.0,5.0,0.0099999999999999,,37.78515138946496,,3,2026-08-31,2026-09-04
2026-08-31,MSTR,sell-first call grab,Pandar-direct call-tail sale/crush core only; conversion is derived,sell unusually overpriced far-OTM front-weekly call tails; expect local wing crush; size for strike touch,RR/wing/kink gates; 2-6 delta and 5-19 DTE selection; nearer-call conversion; order and stop rules,sell far-OTM call,2026-08-24_to_2026-09-02_four_method_scan,52.301587301587304,132.56,8.406934903500174,-3.2902896330342046,40.34,3.5714285714285716,93.25396825396824,2.7777777777777777,86.11111111111111,73.80952380952381,490066.65,2637214,3152955386.08,True,,call,2026-09-04,5.0,STO,160.0,0.0425624229165183,0.23,0.25,1895.0,1345.0,BTO,157.5,0.29,0.33,349.0,258.0,2.5,0.23,0.13,,,3,2026-09-01,2026-09-04
2026-08-31,AMZN,buy-first put-tail inventory,Pandar-direct inventory program; exact scanner geometry is partly mechanized,accumulate cheap far-OTM 1:1 put vertical inventory; usually about $5 wide and under $0.10; recycle and roll,IV/RR/put-skew gates; fixed 25-45% OTM band; complete-at-entry rule; universal 3x/5x exits,buy complete put spread in this implementation,2026-08-24_to_2026-09-02_four_method_scan,25.205873015873017,259.31,-1.1361470128483764,-6.8704209165349805,32.81,18.253968253968253,78.96825396825396,16.666666666666668,38.492063492063494,25.79365079365079,774605.4,4462977,11282597266.89,True,,put,2026-10-16,47.0,BTO,165.0,0.9993420599750712,0.06,0.09,740.0,6.0,STO,160.0,0.04,0.1,677.0,1.0,5.0,0.0499999999999999,,36.369596236165215,,3,2026-09-01,2026-09-04
2026-08-31,BE,buy-first put-tail inventory,Pandar-direct inventory program; exact scanner geometry is partly mechanized,accumulate cheap far-OTM 1:1 put vertical inventory; usually about $5 wide and under $0.10; recycle and roll,IV/RR/put-skew gates; fixed 25-45% OTM band; complete-at-entry rule; universal 3x/5x exits,buy complete put spread in this implementation,2026-08-24_to_2026-09-02_four_method_scan,60.476190476190474,204.98,0.6827447320595148,-14.022062832934868,0.0,11.11111111111111,89.28571428571429,11.507936507936508,84.52380952380952,77.77777777777777,105865.5,887351,2764665453.06,True,,put,2026-09-18,19.0,BTO,120.0,0.996701872043792,0.1,0.13,3762.0,648.0,STO,115.0,0.05,0.1,338.0,36.0,5.0,0.08,,41.45770319055517,,2,2026-09-01,2026-09-04
2026-08-31,BMNR,buy-first put-tail inventory,Pandar-direct inventory program; exact scanner geometry is partly mechanized,accumulate cheap far-OTM 1:1 put vertical inventory; usually about $5 wide and under $0.10; recycle and roll,IV/RR/put-skew gates; fixed 25-45% OTM band; complete-at-entry rule; universal 3x/5x exits,buy complete put spread in this implementation,2026-08-24_to_2026-09-02_four_method_scan,44.92428571428571,25.13,4.403822185292894,-3.159922928709058,10.79,24.20634920634921,65.47619047619048,22.22222222222222,28.96825396825397,40.07936507936508,152182.55,1494538,914811595.6,True,,put,2026-09-18,19.0,BTO,17.0,0.9764029875934096,0.03,0.05,1935.0,4.0,STO,14.0,0.01,0.03,7126.0,71.0,3.0,0.04,,32.3517707918822,,2,2026-09-01,2026-09-04
2026-08-31,CRWV,buy-first put-tail inventory,Pandar-direct inventory program; exact scanner geometry is partly mechanized,accumulate cheap far-OTM 1:1 put vertical inventory; usually about $5 wide and under $0.10; recycle and roll,IV/RR/put-skew gates; fixed 25-45% OTM band; complete-at-entry rule; universal 3x/5x exits,buy complete put spread in this implementation,2026-08-24_to_2026-09-02_four_method_scan,63.14761904761905,84.69,-1.9110493398193265,-21.60510969175229,0.9,1.5873015873015872,95.63492063492065,3.1746031746031744,84.12698412698413,34.92063492063492,226743.1,2119289,2458744874.35,True,,put,2026-09-18,19.0,BTO,62.5,0.9664856581030684,0.16,0.19,10442.0,16.0,STO,60.0,0.12,0.13,7462.0,28.0,2.5,0.07,,26.201440547880505,,2,2026-09-01,2026-09-04
2026-08-31,GOOG,buy-first put-tail inventory,Pandar-direct inventory program; exact scanner geometry is partly mechanized,accumulate cheap far-OTM 1:1 put vertical inventory; usually about $5 wide and under $0.10; recycle and roll,IV/RR/put-skew gates; fixed 25-45% OTM band; complete-at-entry rule; universal 3x/5x exits,buy complete put spread in this implementation,2026-08-24_to_2026-09-02_four_method_scan,42.78809523809524,335.49,-2.916919871516621,-11.1002172876146,17.45,13.88888888888889,75.0,9.92063492063492,63.492063492063494,29.365079365079364,155288.15,1689645,5900388761.6,True,,put,2026-09-18,19.0,BTO,195.0,0.9993491030532756,0.01,0.04,378.0,2.0,STO,190.0,0.01,0.04,1287.0,4.0,5.0,0.03,,41.87606187963874,,2,2026-09-01,2026-09-04
2026-08-31,GOOGL,buy-first put-tail inventory,Pandar-direct inventory program; exact scanner geometry is partly mechanized,accumulate cheap far-OTM 1:1 put vertical inventory; usually about $5 wide and under $0.10; recycle and roll,IV/RR/put-skew gates; fixed 25-45% OTM band; complete-at-entry rule; universal 3x/5x exits,buy complete put spread in this implementation,2026-08-24_to_2026-09-02_four_method_scan,45.29412698412698,339.09,-2.892408144563141,-10.76344114318799,16.69,8.333333333333334,84.52380952380952,6.746031746031746,80.55555555555556,24.603174603174605,421043.5,3211722,8791981109.46,True,,put,2026-10-16,47.0,BTO,240.0,0.9955326627132866,0.14,0.18,1809.0,8.0,STO,235.0,0.12,0.16,494.0,4.0,5.0,0.06,,29.222330354773064,,2,2026-09-01,2026-09-04
2026-08-31,HOOD,buy-first put-tail inventory,Pandar-direct inventory program; exact scanner geometry is partly mechanized,accumulate cheap far-OTM 1:1 put vertical inventory; usually about $5 wide and under $0.10; recycle and roll,IV/RR/put-skew gates; fixed 25-45% OTM band; complete-at-entry rule; universal 3x/5x exits,buy complete put spread in this implementation,2026-08-24_to_2026-09-02_four_method_scan,31.014603174603177,104.91,1.4309194624383623,-6.061962750716344,32.16,3.5714285714285716,94.04761904761904,5.555555555555555,69.84126984126983,41.26984126984127,211460.0,1576018,1939734050.02,True,,put,2026-09-18,19.0,BTO,65.0,0.9995734466703684,0.03,0.05,8165.0,83.0,STO,60.0,0.02,0.05,5484.0,10.0,5.0,0.03,,38.04213135068153,,2,2026-09-01,2026-09-02
2026-08-31,MRVL,buy-first put-tail inventory,Pandar-direct inventory program; exact scanner geometry is partly mechanized,accumulate cheap far-OTM 1:1 put vertical inventory; usually about $5 wide and under $0.10; recycle and roll,IV/RR/put-skew gates; fixed 25-45% OTM band; complete-at-entry rule; universal 3x/5x exits,buy complete put spread in this implementation,2026-08-24_to_2026-09-02_four_method_scan,34.22190476190476,211.92,-7.736514432495978,-15.106357408965277,25.54,15.476190476190476,72.61904761904762,10.714285714285714,66.66666666666667,56.34920634920635,196925.45,1653562,5304816711.28,True,,put,2026-09-18,19.0,BTO,135.0,0.9993693939283468,0.03,0.05,2423.0,23.0,STO,130.0,0.02,0.05,2551.0,7.0,5.0,0.03,,36.29671574178936,,2,2026-09-01,2026-09-04
2026-08-31,NVDA,buy-first put-tail inventory,Pandar-direct inventory program; exact scanner geometry is partly mechanized,accumulate cheap far-OTM 1:1 put vertical inventory; usually about $5 wide and under $0.10; recycle and roll,IV/RR/put-skew gates; fixed 25-45% OTM band; complete-at-entry rule; universal 3x/5x exits,buy complete put spread in this implementation,2026-08-24_to_2026-09-02_four_method_scan,57.39523809523809,219.94,5.512113216598702,-3.6829428508867945,0.7,18.253968253968253,78.96825396825396,16.26984126984127,47.22222222222222,36.904761904761905,3291880.15,15235599,27671919026.15,True,,put,2026-09-18,19.0,BTO,130.0,0.9989032801739264,0.04,0.05,32501.0,83.0,STO,125.0,0.04,0.05,49486.0,705.0,5.0,0.01,,40.892970810220966,,2,2026-09-01,2026-09-04
2026-08-31,OKLO,buy-first put-tail inventory,Pandar-direct inventory program; exact scanner geometry is partly mechanized,accumulate cheap far-OTM 1:1 put vertical inventory; usually about $5 wide and under $0.10; recycle and roll,IV/RR/put-skew gates; fixed 25-45% OTM band; complete-at-entry rule; universal 3x/5x exits,buy complete put spread in this implementation,2026-08-24_to_2026-09-02_four_method_scan,54.285714285714285,40.53,1.783023606228018,-15.895413986304208,0.0,28.571428571428573,65.47619047619048,25.0,52.38095238095238,30.15873015873016,59808.7,660526,400111506.0,True,,put,2026-09-18,19.0,BTO,30.0,0.9721704934591912,0.06,0.11,2608.0,106.0,STO,25.0,0.01,0.05,11637.0,3.0,5.0,0.1,,25.980754996299037,,2,2026-09-01,2026-09-04
2026-08-31,PLTR,buy-first put-tail inventory,Pandar-direct inventory program; exact scanner geometry is partly mechanized,accumulate cheap far-OTM 1:1 put vertical inventory; usually about $5 wide and under $0.10; recycle and roll,IV/RR/put-skew gates; fixed 25-45% OTM band; complete-at-entry rule; universal 3x/5x exits,buy complete put spread in this implementation,2026-08-24_to_2026-09-02_four_method_scan,41.82619047619048,187.12,5.8850158442734335,0.0,13.65,25.396825396825395,64.68253968253968,22.22222222222222,46.03174603174603,58.73015873015873,622491.95,3447277,8539180021.58,True,,put,2026-09-18,19.0,BTO,105.0,0.9995941227672548,0.03,0.06,8565.0,59.0,STO,100.0,0.03,0.05,14650.0,19.0,5.0,0.03,,43.88627618640445,,1,2026-09-01,2026-09-01
2026-08-31,SHOP,buy-first put-tail inventory,Pandar-direct inventory program; exact scanner geometry is partly mechanized,accumulate cheap far-OTM 1:1 put vertical inventory; usually about $5 wide and under $0.10; recycle and roll,IV/RR/put-skew gates; fixed 25-45% OTM band; complete-at-entry rule; universal 3x/5x exits,buy complete put spread in this implementation,2026-08-24_to_2026-09-02_four_method_scan,44.31587301587302,147.26,-1.7152773142895428,-7.032828282828296,13.7,17.063492063492063,82.14285714285714,17.857142857142858,77.77777777777777,41.666666666666664,43510.95,766733,1563481396.4,True,,put,2026-09-18,19.0,BTO,95.0,0.9993982940850064,0.01,0.04,695.0,14.0,STO,90.0,0.01,0.06,9044.0,28.0,5.0,0.03,,35.488252071166634,,2,2026-09-01,2026-09-04
2026-09-01,AMZN,buy-first put-tail inventory,Pandar-direct inventory program; exact scanner geometry is partly mechanized,accumulate cheap far-OTM 1:1 put vertical inventory; usually about $5 wide and under $0.10; recycle and roll,IV/RR/put-skew gates; fixed 25-45% OTM band; complete-at-entry rule; universal 3x/5x exits,buy complete put spread in this implementation,2026-08-24_to_2026-09-02_four_method_scan,26.17301587301587,254.25,-2.5227159452516856,-8.35856401384083,29.7,26.19047619047619,61.904761904761905,19.444444444444443,63.888888888888886,31.349206349206348,759266.45,4499820,9975979261.71,True,,put,2026-10-16,46.0,BTO,165.0,0.9990889591050642,0.07,0.11,741.0,10.0,STO,160.0,0.06,0.1,678.0,11.0,5.0,0.05,,35.103244837758105,,2,2026-09-02,2026-09-04
2026-09-01,BMNR,buy-first put-tail inventory,Pandar-direct inventory program; exact scanner geometry is partly mechanized,accumulate cheap far-OTM 1:1 put vertical inventory; usually about $5 wide and under $0.10; recycle and roll,IV/RR/put-skew gates; fixed 25-45% OTM band; complete-at-entry rule; universal 3x/5x exits,buy complete put spread in this implementation,2026-08-24_to_2026-09-02_four_method_scan,46.34746031746032,23.46,-4.750304506699143,-9.59537572254334,8.97,23.80952380952381,71.03174603174604,24.603174603174605,57.142857142857146,74.2063492063492,153349.75,1534434,980067316.8,True,,put,2026-09-18,18.0,BTO,17.5,0.9526068364830874,0.07,0.1,25.0,11.0,STO,13.0,0.01,0.02,2549.0,0.0,4.5,0.09,,25.404944586530263,,1,2026-09-04,2026-09-04
2026-09-01,CVNA,buy-first put-tail inventory,Pandar-direct inventory program; exact scanner geometry is partly mechanized,accumulate cheap far-OTM 1:1 put vertical inventory; usually about $5 wide and under $0.10; recycle and roll,IV/RR/put-skew gates; fixed 25-45% OTM band; complete-at-entry rule; universal 3x/5x exits,buy complete put spread in this implementation,2026-08-24_to_2026-09-02_four_method_scan,39.00857142857143,71.88,-4.870301746956073,-5.158991951444792,22.42,7.5396825396825395,92.85714285714286,10.317460317460318,72.61904761904762,30.555555555555557,53579.35,1032252,631861415.0999999,True,,put,2026-09-18,18.0,BTO,45.0,0.9984808755404294,0.02,0.06,1853.0,0.0,STO,40.0,0.01,0.06,11299.0,0.0,5.0,0.0499999999999999,,37.395659432387305,,1,2026-09-04,2026-09-04
2026-09-01,GOOGL,buy-first put-tail inventory,Pandar-direct inventory program; exact scanner geometry is partly mechanized,accumulate cheap far-OTM 1:1 put vertical inventory; usually about $5 wide and under $0.10; recycle and roll,IV/RR/put-skew gates; fixed 25-45% OTM band; complete-at-entry rule; universal 3x/5x exits,buy complete put spread in this implementation,2026-08-24_to_2026-09-02_four_method_scan,42.505873015873014,334.27,-3.674139819030609,-7.634705719812107,15.51,18.253968253968253,76.98412698412699,16.666666666666668,74.60317460317461,26.19047619047619,410114.1,3263168,8398619301.6,True,,put,2026-10-16,46.0,BTO,250.0,0.989176955055464,0.22,0.25,3475.0,46.0,STO,245.0,0.2,0.23,958.0,28.0,5.0,0.0499999999999999,,25.21015945194004,,1,2026-09-04,2026-09-04
2026-09-01,HOOD,buy-first put-tail inventory,Pandar-direct inventory program; exact scanner geometry is partly mechanized,accumulate cheap far-OTM 1:1 put vertical inventory; usually about $5 wide and under $0.10; recycle and roll,IV/RR/put-skew gates; fixed 25-45% OTM band; complete-at-entry rule; universal 3x/5x exits,buy complete put spread in this implementation,2026-08-24_to_2026-09-02_four_method_scan,27.881587301587302,103.7,-7.145415472779371,-7.145415472779371,34.42,7.5396825396825395,88.4920634920635,5.9523809523809526,67.46031746031746,31.746031746031747,210845.6,1621738,1917061787.49,True,,put,2026-09-18,18.0,BTO,65.0,0.9989311005291988,0.03,0.06,8121.0,5.0,STO,60.0,0.03,0.05,5474.0,9.0,5.0,0.03,,37.3191899710704,,1,2026-09-02,2026-09-02
2026-09-01,MRVL,buy-first put-tail inventory,Pandar-direct inventory program; exact scanner geometry is partly mechanized,accumulate cheap far-OTM 1:1 put vertical inventory; usually about $5 wide and under $0.10; recycle and roll,IV/RR/put-skew gates; fixed 25-45% OTM band; complete-at-entry rule; universal 3x/5x exits,buy complete put spread in this implementation,2026-08-24_to_2026-09-02_four_method_scan,33.439523809523806,209.72,-12.221664155365808,-15.987661739374271,25.37,15.873015873015872,80.15873015873017,15.07936507936508,33.73015873015873,36.111111111111114,194128.65,1723614,5151336208.08,True,,put,2026-09-18,18.0,BTO,135.0,0.998621397894728,0.03,0.06,2412.0,4.0,STO,130.0,0.03,0.05,2551.0,21.0,5.0,0.03,,35.62845699027274,,1,2026-09-04,2026-09-04
2026-09-02,AMZN,buy-first put-tail inventory,Pandar-direct inventory program; exact scanner geometry is partly mechanized,accumulate cheap far-OTM 1:1 put vertical inventory; usually about $5 wide and under $0.10; recycle and roll,IV/RR/put-skew gates; fixed 25-45% OTM band; complete-at-entry rule; universal 3x/5x exits,buy complete put spread in this implementation,2026-08-24_to_2026-09-02_four_method_scan,30.766825396825396,255.15,-1.9747205040531737,-8.03416955017301,29.63,12.698412698412698,80.95238095238095,10.317460317460318,65.07936507936508,35.317460317460316,745176.9,4583050,9078014241.76,True,,put,2026-09-18,17.0,BTO,190.0,0.9998013271557822,0.04,0.06,14795.0,253.0,STO,185.0,0.04,0.05,6248.0,28.0,5.0,0.0199999999999999,,25.53399960807369,,1,2026-09-04,2026-09-04
2026-09-02,ANET,buy-first put-tail inventory,Pandar-direct inventory program; exact scanner geometry is partly mechanized,accumulate cheap far-OTM 1:1 put vertical inventory; usually about $5 wide and under $0.10; recycle and roll,IV/RR/put-skew gates; fixed 25-45% OTM band; complete-at-entry rule; universal 3x/5x exits,buy complete put spread in this implementation,2026-08-24_to_2026-09-02_four_method_scan,33.35444444444444,186.03,-8.10156597342292,-11.139240506329106,26.09,17.857142857142858,76.58730158730158,9.92063492063492,29.365079365079364,18.253968253968253,21536.6,311463,1353958280.34,True,,put,2026-09-18,17.0,BTO,130.0,0.9995588689660184,0.01,0.06,4564.0,121.0,STO,125.0,0.02,0.07,1265.0,1.0,5.0,0.0399999999999999,,30.118798043326343,,1,2026-09-04,2026-09-04
2026-09-02,BE,buy-first put-tail inventory,Pandar-direct inventory program; exact scanner geometry is partly mechanized,accumulate cheap far-OTM 1:1 put vertical inventory; usually about $5 wide and under $0.10; recycle and roll,IV/RR/put-skew gates; fixed 25-45% OTM band; complete-at-entry rule; universal 3x/5x exits,buy complete put spread in this implementation,2026-08-24_to_2026-09-02_four_method_scan,56.04920634920635,216.34,-1.560722573599671,-9.257162031793964,5.3,11.507936507936508,82.93650793650794,6.746031746031746,75.0,76.19047619047619,104257.4,947243,2604433827.9,True,,put,2026-09-18,17.0,BTO,145.0,0.9825475342062664,0.28,0.34,5021.0,86.0,STO,140.0,0.25,0.28,2331.0,134.0,5.0,0.09,,32.975871313672926,,1,2026-09-04,2026-09-04
2026-09-02,BMNR,buy-first put-tail inventory,Pandar-direct inventory program; exact scanner geometry is partly mechanized,accumulate cheap far-OTM 1:1 put vertical inventory; usually about $5 wide and under $0.10; recycle and roll,IV/RR/put-skew gates; fixed 25-45% OTM band; complete-at-entry rule; universal 3x/5x exits,buy complete put spread in this implementation,2026-08-24_to_2026-09-02_four_method_scan,50.215555555555554,23.13,-7.811877241929055,-10.867052023121392,5.34,25.79365079365079,60.714285714285715,21.428571428571427,60.31746031746032,46.03174603174603,156056.0,1555827,924973218.81,True,,put,2026-09-18,17.0,BTO,16.0,0.9729247431526358,0.02,0.06,17543.0,0.0,STO,11.0,0.01,0.03,84.0,1.0,5.0,0.0499999999999999,,30.82576740164289,,1,2026-09-04,2026-09-04
2026-09-02,CRWV,buy-first put-tail inventory,Pandar-direct inventory program; exact scanner geometry is partly mechanized,accumulate cheap far-OTM 1:1 put vertical inventory; usually about $5 wide and under $0.10; recycle and roll,IV/RR/put-skew gates; fixed 25-45% OTM band; complete-at-entry rule; universal 3x/5x exits,buy complete put spread in this implementation,2026-08-24_to_2026-09-02_four_method_scan,59.12698412698413,81.2,-7.957379279075038,-24.83569378876238,0.0,11.904761904761903,92.85714285714286,17.46031746031746,80.55555555555556,23.015873015873016,221835.9,2191259,2226726057.85,True,,put,2026-09-18,17.0,BTO,50.0,0.99876098685316,0.02,0.03,6909.0,71.0,STO,45.0,0.01,0.04,3490.0,1.0,5.0,0.0199999999999999,,38.42364532019704,,1,2026-09-04,2026-09-04
2026-09-02,GOOG,buy-first put-tail inventory,Pandar-direct inventory program; exact scanner geometry is partly mechanized,accumulate cheap far-OTM 1:1 put vertical inventory; usually about $5 wide and under $0.10; recycle and roll,IV/RR/put-skew gates; fixed 25-45% OTM band; complete-at-entry rule; universal 3x/5x exits,buy complete put spread in this implementation,2026-08-24_to_2026-09-02_four_method_scan,35.693333333333335,333.68,-1.6853270477312776,-6.374859708193037,17.64,33.333333333333336,59.12698412698413,25.0,87.3015873015873,26.984126984126984,146349.25,1768713,5423088157.809999,True,,put,2026-09-18,17.0,BTO,195.0,0.9993473822465888,0.01,0.03,403.0,25.0,STO,190.0,0.01,0.06,1297.0,45.0,5.0,0.0199999999999999,,41.56077679213618,,1,2026-09-04,2026-09-04
2026-09-02,GOOGL,buy-first put-tail inventory,Pandar-direct inventory program; exact scanner geometry is partly mechanized,accumulate cheap far-OTM 1:1 put vertical inventory; usually about $5 wide and under $0.10; recycle and roll,IV/RR/put-skew gates; fixed 25-45% OTM band; complete-at-entry rule; universal 3x/5x exits,buy complete put spread in this implementation,2026-08-24_to_2026-09-02_four_method_scan,43.98571428571429,337.3,-1.4635856387484991,-5.695193893812734,15.3,20.238095238095237,62.698412698412696,8.333333333333334,87.6984126984127,35.714285714285715,390329.0,3373960,8044715322.839999,True,,put,2026-10-16,45.0,BTO,245.0,0.9984997637555808,0.18,0.23,960.0,2.0,STO,240.0,0.15,0.2,1814.0,9.0,5.0,0.08,,27.364364067595616,,1,2026-09-04,2026-09-04
2026-09-02,IREN,buy-first put-tail inventory,Pandar-direct inventory program; exact scanner geometry is partly mechanized,accumulate cheap far-OTM 1:1 put vertical inventory; usually about $5 wide and under $0.10; recycle and roll,IV/RR/put-skew gates; fixed 25-45% OTM band; complete-at-entry rule; universal 3x/5x exits,buy complete put spread in this implementation,2026-08-24_to_2026-09-02_four_method_scan,55.98285714285715,39.61,-0.1260716086737168,-11.879866518353731,1.16,23.80952380952381,59.12698412698413,15.476190476190476,44.44444444444444,15.07936507936508,270962.0,2603400,1614484611.88,True,,put,2026-09-18,17.0,BTO,26.0,0.9862502514665716,0.02,0.07,1075.0,7.0,STO,21.0,0.01,0.06,1497.0,2.0,5.0,0.06,,34.36001009845998,,2,2026-09-03,2026-09-04
2026-09-02,MRVL,buy-first put-tail inventory,Pandar-direct inventory program; exact scanner geometry is partly mechanized,accumulate cheap far-OTM 1:1 put vertical inventory; usually about $5 wide and under $0.10; recycle and roll,IV/RR/put-skew gates; fixed 25-45% OTM band; complete-at-entry rule; universal 3x/5x exits,buy complete put spread in this implementation,2026-08-24_to_2026-09-02_four_method_scan,36.596984126984125,206.56,-15.201773471817404,-17.25353523214357,22.53,13.88888888888889,87.6984126984127,15.476190476190476,58.333333333333336,38.095238095238095,196074.8,1781248,5133302664.54,True,,put,2026-09-18,17.0,BTO,120.0,0.9999116435395788,0.01,0.03,5395.0,12.0,STO,115.0,0.01,0.02,1934.0,6.0,5.0,0.0199999999999999,,41.90549961270334,,1,2026-09-04,2026-09-04
2026-09-02,NVDA,buy-first put-tail inventory,Pandar-direct inventory program; exact scanner geometry is partly mechanized,accumulate cheap far-OTM 1:1 put vertical inventory; usually about $5 wide and under $0.10; recycle and roll,IV/RR/put-skew gates; fixed 25-45% OTM band; complete-at-entry rule; universal 3x/5x exits,buy complete put spread in this implementation,2026-08-24_to_2026-09-02_four_method_scan,45.04380952380952,224.21,6.970419847328246,-1.813006349901458,9.48,28.174603174603178,68.65079365079364,24.20634920634921,41.26984126984127,50.79365079365079,3259356.25,15397666,27305843834.88,True,,put,2026-09-18,17.0,BTO,135.0,0.9989262919871976,0.04,0.05,18656.0,419.0,STO,130.0,0.04,0.05,32723.0,2880.0,5.0,0.01,,39.78859105303064,,1,2026-09-04,2026-09-04
2026-09-02,SOFI,buy-first put-tail inventory,Pandar-direct inventory program; exact scanner geometry is partly mechanized,accumulate cheap far-OTM 1:1 put vertical inventory; usually about $5 wide and under $0.10; recycle and roll,IV/RR/put-skew gates; fixed 25-45% OTM band; complete-at-entry rule; universal 3x/5x exits,buy complete put spread in this implementation,2026-08-24_to_2026-09-02_four_method_scan,43.71460317460318,17.93,-4.72901168969182,-6.223849372384949,9.46,34.12698412698413,50.79365079365079,25.0,39.285714285714285,34.12698412698413,305778.9,3952862,768925009.0500001,True,,put,2026-10-16,45.0,BTO,12.0,0.9909604534216688,0.04,0.05,4524.0,13.0,STO,9.0,0.01,0.03,644.0,0.0,3.0,0.04,,33.07306190741773,,2,2026-09-03,2026-09-04
2026-09-03,MSTR,sell-first call grab,Pandar-direct call-tail sale/crush core only; conversion is derived,sell unusually overpriced far-OTM front-weekly call tails; expect local wing crush; size for strike touch,RR/wing/kink gates; 2-6 delta and 5-19 DTE selection; nearer-call conversion; order and stop rules,sell far-OTM call,2026-09-03_pandar_only_gap_scan,52.97619047619048,143.41,4.625373896549201,0.0,50.41,0.0,99.6031746031746,0.0,90.47619047619048,78.57142857142857,516565.55,2734416,3116412083.14,True,,call,2026-09-11,9.0,STO,190.0,0.0344250888257357,0.25,0.31,43.0,220.0,BTO,185.0,0.34,0.41,930.0,409.0,5.0,0.25,0.15,,,1,2026-09-04,2026-09-04
2026-09-03,AMZN,buy-first put-tail inventory,Pandar-direct inventory program; exact scanner geometry is partly mechanized,accumulate cheap far-OTM 1:1 put vertical inventory; usually about $5 wide and under $0.10; recycle and roll,IV/RR/put-skew gates; fixed 25-45% OTM band; complete-at-entry rule; universal 3x/5x exits,buy complete put spread in this implementation,2026-09-03_pandar_only_gap_scan,25.805873015873015,259.1,0.8642167549050228,-6.610438292964238,32.21,14.682539682539682,88.4920634920635,20.238095238095237,73.41269841269842,36.507936507936506,752204.4,4594483,8524309049.299999,True,,put,2026-09-18,16.0,BTO,190.0,0.999942202104693,0.04,0.05,14792.0,1.0,STO,185.0,0.03,0.04,6267.0,6.0,5.0,0.02,,26.66923967580086,,1,2026-09-04,2026-09-04
2026-09-03,BE,buy-first put-tail inventory,Pandar-direct inventory program; exact scanner geometry is partly mechanized,accumulate cheap far-OTM 1:1 put vertical inventory; usually about $5 wide and under $0.10; recycle and roll,IV/RR/put-skew gates; fixed 25-45% OTM band; complete-at-entry rule; universal 3x/5x exits,buy complete put spread in this implementation,2026-09-03_pandar_only_gap_scan,50.963968253968254,235.26,8.011569716725585,-1.321253303133263,7.29,15.873015873015872,83.33333333333333,17.857142857142858,75.0,81.74603174603175,112203.45,977739,2549123310.72,True,,put,2026-09-18,16.0,BTO,135.0,0.9977211481573306,0.08,0.14,2683.0,16.0,STO,130.0,0.1,0.12,1877.0,30.0,5.0,0.04,,42.61667941851568,,1,2026-09-04,2026-09-04
2026-09-03,BMNR,buy-first put-tail inventory,Pandar-direct inventory program; exact scanner geometry is partly mechanized,accumulate cheap far-OTM 1:1 put vertical inventory; usually about $5 wide and under $0.10; recycle and roll,IV/RR/put-skew gates; fixed 25-45% OTM band; complete-at-entry rule; universal 3x/5x exits,buy complete put spread in this implementation,2026-09-03_pandar_only_gap_scan,41.49920634920635,26.37,1.6184971098266,0.0,14.85,24.20634920634921,61.111111111111114,19.047619047619047,42.857142857142854,18.253968253968253,163290.55,1587956,910719441.26,True,,put,2026-09-18,16.0,BTO,19.0,0.969462430649725,0.05,0.07,2179.0,3644.0,STO,14.0,0.02,0.03,7560.0,2204.0,5.0,0.05,,27.948426241941604,,1,2026-09-04,2026-09-04
2026-09-03,CRWV,buy-first put-tail inventory,Pandar-direct inventory program; exact scanner geometry is partly mechanized,accumulate cheap far-OTM 1:1 put vertical inventory; usually about $5 wide and under $0.10; recycle and roll,IV/RR/put-skew gates; fixed 25-45% OTM band; complete-at-entry rule; universal 3x/5x exits,buy complete put spread in this implementation,2026-09-03_pandar_only_gap_scan,59.729682539682535,84.68,-2.296065535940917,-21.614366379709335,2.81,7.936507936507937,86.9047619047619,4.365079365079365,82.93650793650794,18.650793650793652,225467.55,2227554,2132682332.05,True,,put,2026-09-18,16.0,BTO,47.5,0.9996510876019196,0.01,0.03,1265.0,36.0,STO,42.5,0.01,0.04,412.0,4.0,5.0,0.0199999999999999,,43.90647142182333,,1,2026-09-04,2026-09-04
2026-09-03,GOOG,buy-first put-tail inventory,Pandar-direct inventory program; exact scanner geometry is partly mechanized,accumulate cheap far-OTM 1:1 put vertical inventory; usually about $5 wide and under $0.10; recycle and roll,IV/RR/put-skew gates; fixed 25-45% OTM band; complete-at-entry rule; universal 3x/5x exits,buy complete put spread in this implementation,2026-09-03_pandar_only_gap_scan,44.40904761904762,339.95,0.6841606444734083,-4.0123108199683895,18.21,7.936507936507937,80.15873015873017,3.968253968253968,65.87301587301587,32.142857142857146,147377.0,1795477,5340445286.879999,True,,put,2026-09-18,16.0,BTO,240.0,0.9993591646146228,0.03,0.05,2578.0,102.0,STO,235.0,0.01,0.08,2530.0,2.0,5.0,0.04,,29.40138255625827,,1,2026-09-04,2026-09-04
2026-09-03,MRVL,buy-first put-tail inventory,Pandar-direct inventory program; exact scanner geometry is partly mechanized,accumulate cheap far-OTM 1:1 put vertical inventory; usually about $5 wide and under $0.10; recycle and roll,IV/RR/put-skew gates; fixed 25-45% OTM band; complete-at-entry rule; universal 3x/5x exits,buy complete put spread in this implementation,2026-09-03_pandar_only_gap_scan,36.156349206349205,209.25,-13.303778588001336,-16.175940391779832,23.05,15.476190476190476,80.95238095238095,13.492063492063492,79.36507936507937,44.44444444444444,198596.4,1819795,4857055262.96,True,,put,2026-09-18,16.0,BTO,125.0,0.9999547319950464,0.01,0.06,3271.0,0.0,STO,120.0,0.01,0.03,5383.0,8.0,5.0,0.0499999999999999,,40.262843488649935,,1,2026-09-04,2026-09-04
2026-09-03,MSFT,buy-first put-tail inventory,Pandar-direct inventory program; exact scanner geometry is partly mechanized,accumulate cheap far-OTM 1:1 put vertical inventory; usually about $5 wide and under $0.10; recycle and roll,IV/RR/put-skew gates; fixed 25-45% OTM band; complete-at-entry rule; universal 3x/5x exits,buy complete put spread in this implementation,2026-09-03_pandar_only_gap_scan,24.931111111111115,510.75,1.148628577086841,-0.5336033807863849,31.18,23.015873015873016,75.0,21.428571428571427,59.523809523809526,37.698412698412696,522592.75,3908642,12171332846.32,True,,put,2026-09-18,16.0,BTO,350.0,0.9999660378567612,0.02,0.04,12678.0,262.0,STO,345.0,0.01,0.06,1142.0,0.0,5.0,0.03,,31.473323543808128,,1,2026-09-04,2026-09-04
2026-09-03,NBIS,buy-first put-tail inventory,Pandar-direct inventory program; exact scanner geometry is partly mechanized,accumulate cheap far-OTM 1:1 put vertical inventory; usually about $5 wide and under $0.10; recycle and roll,IV/RR/put-skew gates; fixed 25-45% OTM band; complete-at-entry rule; universal 3x/5x exits,buy complete put spread in this implementation,2026-09-03_pandar_only_gap_scan,41.82587301587302,210.97,-2.414542763310046,-22.78383720079058,16.19,20.634920634920636,74.2063492063492,14.285714285714286,82.53968253968254,26.984126984126984,223183.7,1366961,4594071614.52,True,,put,2026-09-18,16.0,BTO,125.0,0.9971007379266814,0.11,0.14,1172.0,4.0,STO,120.0,0.08,0.13,4606.0,8.0,5.0,0.06,,40.74986964971323,,1,2026-09-04,2026-09-04
2026-09-03,NVDA,buy-first put-tail inventory,Pandar-direct inventory program; exact scanner geometry is partly mechanized,accumulate cheap far-OTM 1:1 put vertical inventory; usually about $5 wide and under $0.10; recycle and roll,IV/RR/put-skew gates; fixed 25-45% OTM band; complete-at-entry rule; universal 3x/5x exits,buy complete put spread in this implementation,2026-09-03_pandar_only_gap_scan,49.98952380952381,229.03,0.2977884825925203,0.0,8.82,13.88888888888889,88.0952380952381,17.063492063492063,61.507936507936506,36.111111111111114,3290792.75,15497110,28429337090.05,True,,put,2026-09-18,16.0,BTO,155.0,0.9990255699159152,0.07,0.09,22294.0,4.0,STO,150.0,0.07,0.08,36238.0,844.0,5.0,0.0199999999999999,,32.323276426669004,,1,2026-09-04,2026-09-04
2026-09-03,RTX,buy-first put-tail inventory,Pandar-direct inventory program; exact scanner geometry is partly mechanized,accumulate cheap far-OTM 1:1 put vertical inventory; usually about $5 wide and under $0.10; recycle and roll,IV/RR/put-skew gates; fixed 25-45% OTM band; complete-at-entry rule; universal 3x/5x exits,buy complete put spread in this implementation,2026-09-03_pandar_only_gap_scan,39.1552380952381,201.67,-4.719833695549469,-10.129233511586456,23.94,5.9523809523809526,71.82539682539682,3.5714285714285716,21.825396825396822,18.650793650793652,12921.0,178313,850032247.0,True,,put,2026-09-18,16.0,BTO,120.0,0.999813796396772,0.01,0.04,199.0,9.0,STO,115.0,0.01,0.07,83.0,145.0,5.0,0.03,,40.49685129171419,,1,2026-09-04,2026-09-04
