signal_date,mode,target_coordinate,target_dte,date,bid,mid,atm,bid_excess,mid_excess
2026-08-19,delta,0.03357470813520596,10,2026-05-22,0.6697162228705534,0.7210551648222114,0.572285329108307,9.743089376224646,14.876983571390445
2026-08-19,delta,0.03357470813520596,10,2026-05-26,0.8138116542833251,0.840164193238916,0.656757141494811,15.705451278851413,18.3407051744105
2026-08-19,delta,0.03357470813520596,10,2026-05-27,0.7453441419843964,0.7682852511033059,0.6277758702590476,11.756827172534878,14.050938084425834
2026-08-19,delta,0.03357470813520596,10,2026-05-28,0.8507322718141118,0.8846991795289346,0.6558271022993074,19.49051695148044,22.88720772296272
2026-08-19,delta,0.03357470813520596,10,2026-05-29,0.8112543446579833,0.8604227755141812,0.6534718576163788,15.778248704160447,20.69509178978024
2026-08-19,delta,0.03357470813520596,10,2026-06-01,0.9126730873636854,0.9287582074567365,0.7344177047497001,17.82553826139852,19.43405027070364
2026-08-19,delta,0.03357470813520596,10,2026-06-02,0.9277800643172878,0.9547194251184404,0.8493082096811602,7.84718546361276,10.541121543728027
2026-08-19,delta,0.03357470813520596,10,2026-06-03,0.9757121958815419,0.9933448523017663,0.8693290996677151,10.63830962138268,12.401575263405118
2026-08-19,delta,0.03357470813520596,10,2026-06-04,0.9399888111031516,0.9822956787037993,0.8200447801494851,11.994403095366646,16.225089855431417
2026-08-19,delta,0.03357470813520596,10,2026-06-05,1.0198287936396815,1.0911024906848146,0.9647408996280514,5.508789401163005,12.636159105676315
2026-08-19,delta,0.03357470813520596,10,2026-06-08,0.9617385191313329,0.999232155641431,0.8265380683415341,13.52004507897988,17.26940872998969
2026-08-19,delta,0.03357470813520596,10,2026-06-09,1.019054966423386,1.0582459312771855,0.8746136558778607,14.444131054552544,18.36322753993248
2026-08-19,delta,0.03357470813520596,10,2026-06-10,0.9199493895823984,0.9718742078556141,0.8112020864537313,10.87473031286671,16.067212140188282
2026-08-19,delta,0.03357470813520596,10,2026-06-11,0.8312001382887213,0.9089554236648157,0.7897258113555518,4.147432693316954,11.922961230926399
2026-08-19,delta,0.03357470813520596,10,2026-06-12,0.8597215545929403,0.8937092691347135,0.7449552517429242,11.47663028500161,14.875401739178928
2026-08-19,delta,0.03357470813520596,10,2026-06-15,0.8838901171593437,0.9439461431095718,0.7348912388609212,14.899887829842251,20.905490424865057
2026-08-19,delta,0.03357470813520596,10,2026-06-16,0.8461395548202955,0.8628637280725844,0.697067508410983,14.907204640931248,16.57962196616014
2026-08-19,delta,0.03357470813520596,10,2026-06-17,0.9179184655999005,0.9385671972454416,0.7462983768238085,17.162008877609203,19.226882042163307
2026-08-19,delta,0.03357470813520596,10,2026-06-18,0.8118793288370496,0.8597405215096113,0.7797416887293875,3.213764010766207,7.999883278022379
2026-08-19,delta,0.03357470813520596,10,2026-06-22,0.9448869908115031,0.9886684584584262,0.8262759583979736,11.861103241352943,16.239250006045257
2026-08-19,delta,0.03357470813520596,10,2026-06-23,0.8681516683435369,0.9070419664041577,0.8076091506379308,6.054251770560604,9.943281576622686
2026-08-19,delta,0.03357470813520596,10,2026-06-24,1.0183425625477454,1.0773434533332933,0.9720532820429518,4.628928050479352,10.529017129034147
2026-08-19,delta,0.03357470813520596,10,2026-06-25,1.0720654151325848,1.1574574646205913,1.0645251517268983,0.7540263405686476,9.293231289369297
2026-08-19,delta,0.03357470813520596,10,2026-06-26,1.110350600870225,1.188667564424377,1.035051990412542,7.529861045768316,15.3615574011835
2026-08-19,delta,0.03357470813520596,10,2026-06-29,0.9112873760498011,1.0306795398579425,0.9682150610724943,-5.692768502269319,6.246447878544814
2026-08-19,delta,0.03357470813520596,10,2026-06-30,1.0198073202116325,1.0647293791469736,0.9678288952568485,5.197842495478399,9.690048389012517
2026-08-19,delta,0.03357470813520596,10,2026-07-01,0.9968992047679341,1.0145310214944938,0.9189235955885796,7.797560917935453,9.56074259059142
2026-08-19,delta,0.03357470813520596,10,2026-07-02,1.0034042171501487,1.0518404502165153,0.9192039870591612,8.420023009098754,13.26364631573541
2026-08-19,delta,0.03357470813520596,10,2026-07-06,1.1337152486142887,1.1590762638418568,1.0362725259096948,9.744272270459398,12.280373793216203
2026-08-19,delta,0.03357470813520596,10,2026-07-07,1.103093161673035,1.1238539497457147,0.9963101246654625,10.678303700757253,12.75438250802522
2026-08-19,delta,0.03357470813520596,10,2026-07-08,0.9884933818933281,1.0625270104184081,0.922901563237577,6.559181865575114,13.962544718083114
2026-08-19,delta,0.03357470813520596,10,2026-07-09,0.9346283878747407,0.9583149370133525,0.8582909758413632,7.633741203337752,10.00239611719893
2026-08-19,delta,0.03357470813520596,10,2026-07-10,0.8626821860788993,0.8931486696681673,0.7945998543572985,6.808233172160083,9.854881531086878
2026-08-19,delta,0.03357470813520596,10,2026-07-13,0.9641373958157919,0.9927103039143775,0.8977539200386891,6.638347577710279,9.495638387568839
2026-08-19,delta,0.03357470813520596,10,2026-07-14,0.9440547347469281,0.9831747517891307,0.8682907872255602,7.576394752136794,11.488396456357053
2026-08-19,delta,0.03357470813520596,10,2026-07-15,0.9450247386833376,0.9802185197913375,0.847047600977206,9.797713770613159,13.317091881413145
2026-08-19,delta,0.03357470813520596,10,2026-07-16,0.891118914189161,0.930440672741517,0.8119863027856806,7.9132611403480375,11.845436995583636
2026-08-19,delta,0.03357470813520596,10,2026-07-17,0.9162857917732493,0.940652909066221,0.8208388370131906,9.54469547600587,11.981407205303041
2026-08-19,delta,0.03357470813520596,10,2026-07-20,0.9968286956312791,1.059716634161801,0.8902049179839796,10.662377764729946,16.951171617782133
2026-08-19,delta,0.03357470813520596,10,2026-07-21,0.9801388130226725,1.0048251994291464,0.8709838556921256,10.915495733054692,13.384134373702084
2026-08-19,delta,0.03357470813520596,10,2026-07-22,0.9302997303513826,0.9592503854146277,0.8650146234775417,6.528510687384093,9.423576193708605
2026-08-19,delta,0.03357470813520596,10,2026-07-23,0.9151145433442088,0.9320391773155766,0.837541312413301,7.757323093090784,9.449786490227563
2026-08-19,delta,0.03357470813520596,10,2026-07-24,0.8892346662623042,0.9125376121040548,0.8367906547032925,5.244401155901168,7.574695740076232
2026-08-19,delta,0.03357470813520596,10,2026-07-27,0.9577719913220513,0.9769761071411999,0.8681912472735167,8.958074404853456,10.878485986768316
2026-08-19,delta,0.03357470813520596,10,2026-07-28,0.9274655553976277,0.9584779429996553,0.8492059311571272,7.825962424050048,10.92720118425281
2026-08-19,delta,0.03357470813520596,10,2026-07-29,0.9438765334669069,1.0441546407625144,0.8903413671000164,5.353516636689049,15.381327366249797
2026-08-19,delta,0.03357470813520596,10,2026-07-30,0.8744374211388644,0.9072061038925269,0.8075922043393303,6.684521679953404,9.961389955319655
2026-08-19,delta,0.03357470813520596,10,2026-07-31,0.8192135195719753,0.8692773784985804,0.7447695123581176,7.444400721385769,12.450786614046283
2026-08-19,delta,0.03357470813520596,10,2026-08-03,0.8229307652133678,0.8513915871354387,0.7544902839693501,6.84404812440177,9.690130316608858
2026-08-19,delta,0.03357470813520596,10,2026-08-04,0.8240563522160786,0.8551657567593282,0.7510434093200031,7.301294289607552,10.412234743932503
2026-08-19,delta,0.03357470813520596,10,2026-08-05,0.7808172498068112,0.8311566310933519,0.7166599238327737,6.415732597403756,11.449670726057825
2026-08-19,delta,0.03357470813520596,10,2026-08-06,0.7838339333706921,0.818120498968805,0.6822341816491417,10.159975172155033,13.588631731966327
2026-08-19,delta,0.03357470813520596,10,2026-08-07,0.7718742059543265,0.8288965137273946,0.6929117336640314,7.896247229029518,13.598478006336324
2026-08-19,delta,0.03357470813520596,10,2026-08-10,0.8713728706710796,0.8909711548815048,0.7177418463765705,15.363102429450915,17.322930850493435
2026-08-19,delta,0.03357470813520596,10,2026-08-11,0.835789536531174,0.8518381749915115,0.6815315083608244,15.425802817034961,17.030666663068704
2026-08-19,delta,0.03357470813520596,10,2026-08-12,0.826068405699331,0.8381587196559279,0.621040608703737,20.502779699559404,21.71181109521909
2026-08-19,delta,0.03357470813520596,10,2026-08-13,0.8012775955272333,0.8350883336246891,0.6643451834935593,13.693241203367402,17.074315013112983
2026-08-19,delta,0.03357470813520596,10,2026-08-14,0.7495067556989399,0.7627817990582872,0.6208686885170932,12.863806718184668,14.191311054119405
2026-08-19,delta,0.03357470813520596,10,2026-08-17,0.8829856024615382,0.904676207704354,0.70019986025943,18.27857422021082,20.447634744492394
2026-08-19,delta,0.03357470813520596,10,2026-08-18,0.8463677090267498,0.8616554431708301,0.6874817893023861,15.888591972436373,17.417365386844395
2026-08-19,log_otm,0.2985023053695842,10,2026-05-22,,,0.572285329108307,,
2026-08-19,log_otm,0.2985023053695842,10,2026-05-26,,,0.656757141494811,,
2026-08-19,log_otm,0.2985023053695842,10,2026-05-27,,,0.6277758702590476,,
2026-08-19,log_otm,0.2985023053695842,10,2026-05-28,0.9091892884968639,0.9293920959622235,0.6558271022993074,25.336218619755645,27.356499366291608
2026-08-19,log_otm,0.2985023053695842,10,2026-05-29,,,0.6534718576163788,,
2026-08-19,log_otm,0.2985023053695842,10,2026-06-01,,,0.7344177047497001,,
2026-08-19,log_otm,0.2985023053695842,10,2026-06-02,,,0.8493082096811602,,
2026-08-19,log_otm,0.2985023053695842,10,2026-06-03,0.9745175448056365,0.9911349331041737,0.8693290996677151,10.518844513792136,12.180583343645857
2026-08-19,log_otm,0.2985023053695842,10,2026-06-04,0.9559519228972548,0.9825257145569674,0.8200447801494851,13.590714274776971,16.248093440748224
2026-08-19,log_otm,0.2985023053695842,10,2026-06-05,1.0328893565586172,1.0639526258283287,0.9647408996280514,6.814845693056581,9.921172620027729
2026-08-19,log_otm,0.2985023053695842,10,2026-06-08,,,0.8265380683415341,,
2026-08-19,log_otm,0.2985023053695842,10,2026-06-09,0.9850551941220471,1.0324645808929276,0.8746136558778607,11.044153824418645,15.785092501506693
2026-08-19,log_otm,0.2985023053695842,10,2026-06-10,0.9499247196133191,0.9993959364567265,0.8112020864537313,13.872263315958788,18.819385000299526
2026-08-19,log_otm,0.2985023053695842,10,2026-06-11,0.9385099873363426,1.03411618088386,0.7897258113555518,14.878417598079086,24.43903695283082
2026-08-19,log_otm,0.2985023053695842,10,2026-06-12,0.8922038528759043,0.9481979024876659,0.7449552517429242,14.72486011329801,20.32426507447417
2026-08-19,log_otm,0.2985023053695842,10,2026-06-15,,,0.7348912388609212,,
2026-08-19,log_otm,0.2985023053695842,10,2026-06-16,,,0.697067508410983,,
2026-08-19,log_otm,0.2985023053695842,10,2026-06-17,0.9254781186119959,0.9844574009107748,0.7462983768238085,17.917974178818742,23.815902408696633
2026-08-19,log_otm,0.2985023053695842,10,2026-06-18,0.8987507762294973,0.9234767790474028,0.7797416887293875,11.900908750010974,14.373509031801524
2026-08-19,log_otm,0.2985023053695842,10,2026-06-22,0.9888273654864723,1.0096617427632797,0.8262759583979736,16.25514070884987,18.338578436530607
2026-08-19,log_otm,0.2985023053695842,10,2026-06-23,0.9426816378581244,1.0058797757076372,0.8076091506379308,13.50724872201936,19.827062506970638
2026-08-19,log_otm,0.2985023053695842,10,2026-06-24,0.9970667532583346,1.054485416145634,0.9720532820429518,2.5013471215382777,8.243213410268224
2026-08-19,log_otm,0.2985023053695842,10,2026-06-25,1.0784298607962293,1.1209074641870735,1.0645251517268983,1.3904709069330945,5.638231246017522
2026-08-19,log_otm,0.2985023053695842,10,2026-06-26,1.1174532992634436,1.1648364834927665,1.035051990412542,8.240130885090169,12.978449308022455
2026-08-19,log_otm,0.2985023053695842,10,2026-06-29,,,0.9682150610724943,,
2026-08-19,log_otm,0.2985023053695842,10,2026-06-30,,,0.9678288952568485,,
2026-08-19,log_otm,0.2985023053695842,10,2026-07-01,1.011952794130958,1.0276971253364986,0.9189235955885796,9.302919854237846,10.877352974791899
2026-08-19,log_otm,0.2985023053695842,10,2026-07-02,1.0072753854025471,1.0298576677016573,0.9192039870591612,8.807139834338596,11.065368064249615
2026-08-19,log_otm,0.2985023053695842,10,2026-07-06,1.0611306367802644,1.1027597327524965,1.0362725259096948,2.485811087056966,6.648720684280174
2026-08-19,log_otm,0.2985023053695842,10,2026-07-07,1.0902717919535652,1.1143850767526458,0.9963101246654625,9.396166728810263,11.807495208718322
2026-08-19,log_otm,0.2985023053695842,10,2026-07-08,1.0003730790269612,1.0552365642125074,0.922901563237577,7.747151578938416,13.233500097493046
2026-08-19,log_otm,0.2985023053695842,10,2026-07-09,0.9015396928802917,0.9871661938789791,0.8582909758413632,4.3248717038928515,12.887521803761592
2026-08-19,log_otm,0.2985023053695842,10,2026-07-10,0.8470425733377288,0.931797518910004,0.7945998543572985,5.24427189804303,13.719766455270543
2026-08-19,log_otm,0.2985023053695842,10,2026-07-13,0.9826605214970358,1.031076429138249,0.8977539200386891,8.49066014583466,13.33225090995599
2026-08-19,log_otm,0.2985023053695842,10,2026-07-14,,,0.8682907872255602,,
2026-08-19,log_otm,0.2985023053695842,10,2026-07-15,0.942997736861898,0.9747364902499794,0.847047600977206,9.595013588469204,12.768888927277345
2026-08-19,log_otm,0.2985023053695842,10,2026-07-16,0.9235659933301661,0.9545009158791482,0.8119863027856806,11.157969054448547,14.251461309346759
2026-08-19,log_otm,0.2985023053695842,10,2026-07-17,0.939650199942877,0.9808845637071218,0.8208388370131906,11.881136292968641,16.004572669393124
2026-08-19,log_otm,0.2985023053695842,10,2026-07-20,,,0.8902049179839796,,
2026-08-19,log_otm,0.2985023053695842,10,2026-07-21,,,0.8709838556921256,,
2026-08-19,log_otm,0.2985023053695842,10,2026-07-22,0.9694875676072671,0.9927085970141737,0.8650146234775417,10.447294412972541,12.769397353663203
2026-08-19,log_otm,0.2985023053695842,10,2026-07-23,0.9168366649862463,0.9840968147897482,0.837541312413301,7.929535257294528,14.655550237644722
2026-08-19,log_otm,0.2985023053695842,10,2026-07-24,0.9147527303841934,0.9516038406390263,0.8367906547032925,7.796207568090086,11.481318593573375
2026-08-19,log_otm,0.2985023053695842,10,2026-07-27,,,0.8681912472735167,,
2026-08-19,log_otm,0.2985023053695842,10,2026-07-28,,,0.8492059311571272,,
2026-08-19,log_otm,0.2985023053695842,10,2026-07-29,0.9421643318410831,1.039399807752377,0.8903413671000164,5.182296474106662,14.905844065236051
2026-08-19,log_otm,0.2985023053695842,10,2026-07-30,0.7620437859287558,0.9195819008963025,0.8075922043393303,-4.554841841057455,11.198969655697223
2026-08-19,log_otm,0.2985023053695842,10,2026-07-31,0.8762401636609545,0.9262391427571504,0.7447695123581176,13.147065130283686,18.146963039903273
2026-08-19,log_otm,0.2985023053695842,10,2026-08-03,,,0.7544902839693501,,
2026-08-19,log_otm,0.2985023053695842,10,2026-08-04,,,0.7510434093200031,,
2026-08-19,log_otm,0.2985023053695842,10,2026-08-05,0.8347120979730067,0.8676034085518995,0.7166599238327737,11.805217414023305,15.094348471912589
2026-08-19,log_otm,0.2985023053695842,10,2026-08-06,0.8545683758490225,0.8875880792206425,0.6822341816491417,17.23341941998807,20.535389757150078
2026-08-19,log_otm,0.2985023053695842,10,2026-08-07,,,0.6929117336640314,,
2026-08-19,log_otm,0.2985023053695842,10,2026-08-10,,,0.7177418463765705,,
2026-08-19,log_otm,0.2985023053695842,10,2026-08-11,,,0.6815315083608244,,
2026-08-19,log_otm,0.2985023053695842,10,2026-08-12,0.888348902492951,0.9033458203388633,0.621040608703737,26.730829378921396,28.230521163512634
2026-08-19,log_otm,0.2985023053695842,10,2026-08-13,0.8685920879026178,0.9014156309981465,0.6643451834935593,20.424690440905845,23.707044750458717
2026-08-19,log_otm,0.2985023053695842,10,2026-08-14,,,0.6208686885170932,,
2026-08-19,log_otm,0.2985023053695842,10,2026-08-17,,,0.70019986025943,,
2026-08-19,log_otm,0.2985023053695842,10,2026-08-18,,,0.6874817893023861,,
2026-08-20,delta,0.04308134905750613,9,2026-05-26,0.8049974164349054,0.8184870383352327,0.6616582867180978,14.333912971680762,15.682875161713493
2026-08-20,delta,0.04308134905750613,9,2026-05-27,0.732029500416136,0.7560681307973821,0.6318751795296583,10.015432088647769,12.41929512677238
2026-08-20,delta,0.04308134905750613,9,2026-05-28,0.8222442360368408,0.8671324045677674,0.6545197371086187,16.772449892822216,21.261266745914874
2026-08-20,delta,0.04308134905750613,9,2026-05-29,0.8189524796682162,0.8343553018890055,0.6527914121074544,16.616106756076178,18.156388978155114
2026-08-20,delta,0.04308134905750613,9,2026-06-01,0.893975573104696,0.9204996141984344,0.7412449312317961,15.273064187289986,17.925468296663826
2026-08-20,delta,0.04308134905750613,9,2026-06-02,0.8992469666181314,0.9379360900179439,0.8600183792454206,3.9228587372710844,7.79177107725233
2026-08-20,delta,0.04308134905750613,9,2026-06-03,0.9718129021916444,0.9884431592740411,0.8765313485161507,9.528155367549374,11.191181075789046
2026-08-20,delta,0.04308134905750613,9,2026-06-04,0.9471236689032266,0.9847907457411162,0.8262209460091868,12.09027228940398,15.856979973192942
2026-08-20,delta,0.04308134905750613,9,2026-06-05,1.0313055094742711,1.0629796796349826,0.9759510641441899,5.5354445330081266,8.702861549079277
2026-08-20,delta,0.04308134905750613,9,2026-06-08,0.9458820733124409,0.9627567984765675,0.8362820024365601,10.960007087588075,12.647479604000733
2026-08-20,delta,0.04308134905750613,9,2026-06-09,0.9960729352153106,1.039226647333391,0.8852631840909798,11.080975112433078,15.396346324241128
2026-08-20,delta,0.04308134905750613,9,2026-06-10,0.9208576894024857,0.9637743650008797,0.8212384442763155,9.961924512617015,14.253592072456412
2026-08-20,delta,0.04308134905750613,9,2026-06-11,0.8729961458091964,0.9109718814906957,0.7924622437771155,8.053390203208089,11.850963771358025
2026-08-20,delta,0.04308134905750613,9,2026-06-12,0.8758441447338086,0.8871131891375087,0.7492946133147973,12.654953141901126,13.78185758227114
2026-08-20,delta,0.04308134905750613,9,2026-06-15,0.8899083824279896,0.9168296145029028,0.7436258068845434,14.628257554344625,17.320380761835942
2026-08-20,delta,0.04308134905750613,9,2026-06-16,0.8276458564008338,0.8453712730773437,0.7043139634827243,12.333189291810942,14.105730959461937
2026-08-20,delta,0.04308134905750613,9,2026-06-17,0.8064080635632134,0.8849909002879307,0.753312014659953,5.309604890326036,13.167888562797769
2026-08-20,delta,0.04308134905750613,9,2026-06-18,0.8187872506593858,0.8364167879796623,0.7795376144619023,3.924963619748356,5.687917351776006
2026-08-20,delta,0.04308134905750613,9,2026-06-22,0.9484609027831961,0.9875388396216076,0.8368012268361834,11.165967594701264,15.073761278542419
2026-08-20,delta,0.04308134905750613,9,2026-06-23,0.874754010853529,0.9187465384920226,0.8166161333755365,5.813787747799248,10.213040511648607
2026-08-20,delta,0.04308134905750613,9,2026-06-24,1.0063825984769408,1.062290919240683,0.9856554537141138,2.0727144762827,7.66354655265693
2026-08-20,delta,0.04308134905750613,9,2026-06-25,1.113110411913173,1.1699700759651146,1.0751532562932657,3.79571556199072,9.481681967184885
2026-08-20,delta,0.04308134905750613,9,2026-06-26,1.155888509029587,1.1924457962358683,1.0445682586706233,11.132025035896365,14.787753756524502
2026-08-20,delta,0.04308134905750613,9,2026-06-29,1.030942438569285,1.0662819197767222,0.9821448084256871,4.879763014359783,8.413711135103508
2026-08-20,delta,0.04308134905750613,9,2026-06-30,0.9958697624639108,1.0357429215559717,0.9771106536269183,1.87591088369925,5.8632267929053405
2026-08-20,delta,0.04308134905750613,9,2026-07-01,0.9999566231381761,1.0178131943438822,0.9247556683333835,7.520095480479261,9.305752601049866
2026-08-20,delta,0.04308134905750613,9,2026-07-02,0.9869997848225799,1.0083219233888434,0.9185175148939797,6.848226992860019,8.98044084948637
2026-08-20,delta,0.04308134905750613,9,2026-07-06,1.1136842222249776,1.1482885973243968,1.049160878445064,6.4523343779913755,9.912771887933292
2026-08-20,delta,0.04308134905750613,9,2026-07-07,1.096857329296737,1.117596782221961,1.0060215585498724,9.083577074686456,11.15752236720886
2026-08-20,delta,0.04308134905750613,9,2026-07-08,1.0190317604329355,1.060601456491755,0.9278716394686081,9.116012096432746,13.27298170231469
2026-08-20,delta,0.04308134905750613,9,2026-07-09,0.9279414047369609,0.9448130488501466,0.8560666000683445,7.18748046686164,8.874644878180217
2026-08-20,delta,0.04308134905750613,9,2026-07-10,0.8422778043925322,0.8663699255614816,0.7922583935678655,5.001941082466665,7.411153199361609
2026-08-20,delta,0.04308134905750613,9,2026-07-13,0.95520841729894,0.9851196375505228,0.9041405938298972,5.106782346904282,8.097904372062558
2026-08-20,delta,0.04308134905750613,9,2026-07-14,0.9475973798694749,0.9807793561463193,0.8751963905063274,7.240098936314753,10.558296563999193
2026-08-20,delta,0.04308134905750613,9,2026-07-15,0.9336697366019322,0.9952544284731452,0.8516314134075813,8.20383231943509,14.362301506556385
2026-08-20,delta,0.04308134905750613,9,2026-07-16,0.8718667754653481,0.9021214665990974,0.7938658204713843,7.800095499396376,10.82556461277131
2026-08-20,delta,0.04308134905750613,9,2026-07-17,0.894521331724118,0.916909654096938,0.8080178351587063,8.650349656541167,10.889181893823174
2026-08-20,delta,0.04308134905750613,9,2026-07-20,0.9292656533408639,1.007511369620823,0.8926326927968454,3.6632960544018434,11.487867682397768
2026-08-20,delta,0.04308134905750613,9,2026-07-21,0.956461501309303,0.9925982015331272,0.872587973516832,8.387352779247092,12.001022801629514
2026-08-20,delta,0.04308134905750613,9,2026-07-22,0.8926417947597592,0.9407930152183303,0.8648420479722828,2.779974678747643,7.595096724604744
2026-08-20,delta,0.04308134905750613,9,2026-07-23,0.9005052395782467,0.9203899516683268,0.8375202173525855,6.298502222566116,8.286973431574129
2026-08-20,delta,0.04308134905750613,9,2026-07-24,0.8751505099050745,0.8987400378913915,0.8438141460936845,3.1336363811389933,5.4925891797706905
2026-08-20,delta,0.04308134905750613,9,2026-07-27,0.9580485759653071,0.9738706680156249,0.8821310558996474,7.591752006565978,9.173961211597758
2026-08-20,delta,0.04308134905750613,9,2026-07-28,0.9278098009529517,0.9563925594732294,0.8641817247258061,6.362807622714561,9.221083474742331
2026-08-20,delta,0.04308134905750613,9,2026-07-29,0.9430046505279883,1.0204697685121722,0.9047336155130364,3.827103501495188,11.573615299913575
2026-08-20,delta,0.04308134905750613,9,2026-07-30,0.8738398830507619,0.8972589448153071,0.8085365236834914,6.53033593672705,8.872242113181573
2026-08-20,delta,0.04308134905750613,9,2026-07-31,0.8307855279207998,0.8478662799860315,0.7447667919525551,8.601873596824472,10.309948803347634
2026-08-20,delta,0.04308134905750613,9,2026-08-03,0.8212281479632901,0.8436549404859619,0.7606245489908178,6.060359897247237,8.303039149514413
2026-08-20,delta,0.04308134905750613,9,2026-08-04,0.8015620953023092,0.8384756224853229,0.7568850350936388,4.467706020867035,8.159058739168412
2026-08-20,delta,0.04308134905750613,9,2026-08-05,0.7782617686726157,0.8183993942214024,0.7220612716162105,5.620049705640517,9.633812260519193
2026-08-20,delta,0.04308134905750613,9,2026-08-06,0.757768410621214,0.8061804273851209,0.6824707454379142,7.529766518329984,12.370968194720666
2026-08-20,delta,0.04308134905750613,9,2026-08-07,0.7796176953962691,0.8147824380626496,0.6943977630419166,8.521993235435254,12.038467502073303
2026-08-20,delta,0.04308134905750613,9,2026-08-10,0.8492072887176737,0.8708130051229122,0.7243253955105704,12.48818932071033,14.648760961234174
2026-08-20,delta,0.04308134905750613,9,2026-08-11,0.8261591403036453,0.8420467843907345,0.6868530851270331,13.93060551766122,15.51936992637014
2026-08-20,delta,0.04308134905750613,9,2026-08-12,0.8052377189743715,0.8185814953644667,0.6247955407573935,18.044217821697796,19.378595460707317
2026-08-20,delta,0.04308134905750613,9,2026-08-13,0.8029189947807883,0.8278555786390449,0.6604303744805428,14.248862030024556,16.742520415850215
2026-08-20,delta,0.04308134905750613,9,2026-08-14,0.7301011244523796,0.7394839183631633,0.6141217354036426,11.597938904873706,12.536218295952073
2026-08-20,delta,0.04308134905750613,9,2026-08-17,0.8777630134161225,0.8939070043722469,0.704924902357533,17.28381110585895,18.89821020147139
2026-08-20,delta,0.04308134905750613,9,2026-08-18,0.8242076552817217,0.8427828649409225,0.6902705119100445,13.393714337167717,15.251235303087796
2026-08-20,delta,0.04308134905750613,9,2026-08-19,0.9955398075919416,1.0170866102126437,0.7656864614321697,22.985334615977195,25.140014878047403
2026-08-20,log_otm,0.2916008519591172,9,2026-05-26,,,0.6616582867180978,,
2026-08-20,log_otm,0.2916008519591172,9,2026-05-27,,,0.6318751795296583,,
2026-08-20,log_otm,0.2916008519591172,9,2026-05-28,0.9319315740827696,0.949489819470724,0.6545197371086187,27.741183697415096,29.497008236210533
2026-08-20,log_otm,0.2916008519591172,9,2026-05-29,,,0.6527914121074544,,
2026-08-20,log_otm,0.2916008519591172,9,2026-06-01,,,0.7412449312317961,,
2026-08-20,log_otm,0.2916008519591172,9,2026-06-02,,,0.8600183792454206,,
2026-08-20,log_otm,0.2916008519591172,9,2026-06-03,,,0.8765313485161507,,
2026-08-20,log_otm,0.2916008519591172,9,2026-06-04,0.9702614255254787,0.9965706949983894,0.8262209460091868,14.404047951629185,17.034974898920254
2026-08-20,log_otm,0.2916008519591172,9,2026-06-05,1.0497227891231782,1.1081705956316366,0.9759510641441899,7.377172497898831,13.221953148744669
2026-08-20,log_otm,0.2916008519591172,9,2026-06-08,,,0.8362820024365601,,
2026-08-20,log_otm,0.2916008519591172,9,2026-06-09,,,0.8852631840909798,,
2026-08-20,log_otm,0.2916008519591172,9,2026-06-10,0.9799612827002271,1.0378071741120674,0.8212384442763155,15.872283842391155,21.65687298357518
2026-08-20,log_otm,0.2916008519591172,9,2026-06-11,0.944905871372457,1.018009743325806,0.7924622437771155,15.244362759534146,22.554749954869045
2026-08-20,log_otm,0.2916008519591172,9,2026-06-12,0.8611768178479309,0.9360453457623,0.7492946133147973,11.188220453313358,18.675073244750273
2026-08-20,log_otm,0.2916008519591172,9,2026-06-15,,,0.7436258068845434,,
2026-08-20,log_otm,0.2916008519591172,9,2026-06-16,,,0.7043139634827243,,
2026-08-20,log_otm,0.2916008519591172,9,2026-06-17,,,0.753312014659953,,
2026-08-20,log_otm,0.2916008519591172,9,2026-06-18,0.9418605709572985,0.9529662020896268,0.7795376144619023,16.23229564953962,17.34285876277245
2026-08-20,log_otm,0.2916008519591172,9,2026-06-22,0.9961664954547188,1.043361379284396,0.8368012268361834,15.93652686185354,20.65601524482127
2026-08-20,log_otm,0.2916008519591172,9,2026-06-23,,,0.8166161333755365,,
2026-08-20,log_otm,0.2916008519591172,9,2026-06-24,1.0019100104004004,1.0601133838391077,0.9856554537141138,1.6254556686286614,7.445793012499391
2026-08-20,log_otm,0.2916008519591172,9,2026-06-25,1.1056143834099026,1.1350289127079303,1.0751532562932657,3.0461127116636844,5.987565641466452
2026-08-20,log_otm,0.2916008519591172,9,2026-06-26,1.130883112463935,1.1962491430448912,1.0445682586706233,8.63148537933116,15.168088437426785
2026-08-20,log_otm,0.2916008519591172,9,2026-06-29,,,0.9821448084256871,,
2026-08-20,log_otm,0.2916008519591172,9,2026-06-30,,,0.9771106536269183,,
2026-08-20,log_otm,0.2916008519591172,9,2026-07-01,,,0.9247556683333835,,
2026-08-20,log_otm,0.2916008519591172,9,2026-07-02,1.021201190987223,1.0429716151134758,0.9185175148939797,10.268367609324326,12.445410021949609
2026-08-20,log_otm,0.2916008519591172,9,2026-07-06,1.0893156135323983,1.1331785265539007,1.049160878445064,4.015473508733436,8.401764810883684
2026-08-20,log_otm,0.2916008519591172,9,2026-07-07,1.1105917605364573,1.1400778072662172,1.0060215585498724,10.457020198658483,13.40562487163448
2026-08-20,log_otm,0.2916008519591172,9,2026-07-08,,,0.9278716394686081,,
2026-08-20,log_otm,0.2916008519591172,9,2026-07-09,0.859560107210821,0.9718826263154513,0.8560666000683445,0.34935071424765374,11.581602624710685
2026-08-20,log_otm,0.2916008519591172,9,2026-07-10,0.8884401222307805,0.9650063364785549,0.7922583935678655,9.618172866291497,17.27479429106894
2026-08-20,log_otm,0.2916008519591172,9,2026-07-13,0.955504011020829,1.0098776383745156,0.9041405938298972,5.136341719093185,10.57370445446184
2026-08-20,log_otm,0.2916008519591172,9,2026-07-14,0.9960211055862006,1.0342545613530703,0.8751963905063274,12.082471507987325,15.90581708467429
2026-08-20,log_otm,0.2916008519591172,9,2026-07-15,,,0.8516314134075813,,
2026-08-20,log_otm,0.2916008519591172,9,2026-07-16,0.8657509877534153,0.9207844441018811,0.7938658204713843,7.188516728203098,12.691862363049678
2026-08-20,log_otm,0.2916008519591172,9,2026-07-17,0.9412914461402976,0.9749900154864019,0.8080178351587063,13.32736109815913,16.697218032769555
2026-08-20,log_otm,0.2916008519591172,9,2026-07-20,,,0.8926326927968454,,
2026-08-20,log_otm,0.2916008519591172,9,2026-07-21,,,0.872587973516832,,
2026-08-20,log_otm,0.2916008519591172,9,2026-07-22,,,0.8648420479722828,,
2026-08-20,log_otm,0.2916008519591172,9,2026-07-23,0.9435371723525491,0.9990755975975488,0.8375202173525855,10.601695499996355,16.15553802449633
2026-08-20,log_otm,0.2916008519591172,9,2026-07-24,0.9341519065026084,0.9725265202176309,0.8438141460936845,9.033776040892382,12.871237412394631
2026-08-20,log_otm,0.2916008519591172,9,2026-07-27,,,0.8821310558996474,,
2026-08-20,log_otm,0.2916008519591172,9,2026-07-28,,,0.8641817247258061,,
2026-08-20,log_otm,0.2916008519591172,9,2026-07-29,,,0.9047336155130364,,
2026-08-20,log_otm,0.2916008519591172,9,2026-07-30,0.7745143440627711,0.9441943182353064,0.8085365236834914,-3.4022179620720294,13.565779455181504
2026-08-20,log_otm,0.2916008519591172,9,2026-07-31,0.8857895220479354,0.9353927599817867,0.7447667919525551,14.102273009538024,19.06259680292316
2026-08-20,log_otm,0.2916008519591172,9,2026-08-03,,,0.7606245489908178,,
2026-08-20,log_otm,0.2916008519591172,9,2026-08-04,,,0.7568850350936388,,
2026-08-20,log_otm,0.2916008519591172,9,2026-08-05,,,0.7220612716162105,,
2026-08-20,log_otm,0.2916008519591172,9,2026-08-06,0.8612982254619933,0.9047415008229924,0.6824707454379142,17.88274800240791,22.227075538507822
2026-08-20,log_otm,0.2916008519591172,9,2026-08-07,,,0.6943977630419166,,
2026-08-20,log_otm,0.2916008519591172,9,2026-08-10,,,0.7243253955105704,,
2026-08-20,log_otm,0.2916008519591172,9,2026-08-11,,,0.6868530851270331,,
2026-08-20,log_otm,0.2916008519591172,9,2026-08-12,,,0.6247955407573935,,
2026-08-20,log_otm,0.2916008519591172,9,2026-08-13,0.8810867954583933,0.9137340077340128,0.6604303744805428,22.065642097785055,25.330363325347005
2026-08-20,log_otm,0.2916008519591172,9,2026-08-14,,,0.6141217354036426,,
2026-08-20,log_otm,0.2916008519591172,9,2026-08-17,,,0.704924902357533,,
2026-08-20,log_otm,0.2916008519591172,9,2026-08-18,,,0.6902705119100445,,
2026-08-20,log_otm,0.2916008519591172,9,2026-08-19,,,0.7656864614321697,,
2026-08-21,delta,0.038284436013965265,8,2026-05-27,0.7427681769718198,0.7762945525417618,0.6369622175123927,10.580595945942717,13.933233502936915
2026-08-21,delta,0.038284436013965265,8,2026-05-28,0.841513055695704,0.8840423097250633,0.6579912902105108,18.352176548519317,22.605101951455243
2026-08-21,delta,0.038284436013965265,8,2026-05-29,0.8187331218538397,0.8460116738882529,0.6519398565067552,16.67932653470845,19.40718173814977
2026-08-21,delta,0.038284436013965265,8,2026-06-01,0.9192715882102749,0.9283457602851831,0.7496915378077811,16.95800504024938,17.865422247740202
2026-08-21,delta,0.038284436013965265,8,2026-06-02,0.9364059080518284,0.9688443168268444,0.8732213835277102,6.318452452411827,9.562293329913418
2026-08-21,delta,0.038284436013965265,8,2026-06-03,0.9955396430484712,1.0110148973503248,0.8854517811177627,11.008786193070852,12.55631162325621
2026-08-21,delta,0.038284436013965265,8,2026-06-04,0.9666685467389015,0.9901768164033911,0.8308934116494296,13.577513508947181,15.92834047539614
2026-08-21,delta,0.038284436013965265,8,2026-06-05,1.0640906832963792,1.1232624359992462,0.9897852417774625,7.430544151891672,13.347719422178372
2026-08-21,delta,0.038284436013965265,8,2026-06-08,0.9648545233338428,0.9819663593035095,0.848304543826236,11.65499795076068,13.36618154772735
2026-08-21,delta,0.038284436013965265,8,2026-06-09,1.0037955799393061,1.0507802732638545,0.8983975888661317,10.539799107317439,15.238268439772273
2026-08-21,delta,0.038284436013965265,8,2026-06-10,0.9468887235971112,0.9933289621452425,0.8284428504347943,11.844587316231692,16.48861117104482
2026-08-21,delta,0.038284436013965265,8,2026-06-11,0.8171805458599144,0.9161527645061516,0.7958695534923453,2.131099236756906,12.028321101380623
2026-08-21,delta,0.038284436013965265,8,2026-06-12,0.8855051111236025,0.9001321449777538,0.7546837288537375,13.082138226986507,14.544841612401637
2026-08-21,delta,0.038284436013965265,8,2026-06-15,0.9039301532499294,0.936109850805727,0.754401816210946,14.952833703898339,18.17080345947809
2026-08-21,delta,0.038284436013965265,8,2026-06-16,0.8501237322681677,0.8661951369468437,0.7132685111511688,13.685522111699889,15.292662579567484
2026-08-21,delta,0.038284436013965265,8,2026-06-17,0.8770614160924918,0.9250438362664993,0.7619882851182946,11.507313097419713,16.305555114820468
2026-08-21,delta,0.038284436013965265,8,2026-06-18,0.8197348913057181,0.8546881961187717,0.7774805290504692,4.225436225524892,7.720766706830251
2026-08-21,delta,0.038284436013965265,8,2026-06-22,0.9762534008490068,1.012197372904968,0.8497745056746564,12.64788951743504,16.242286723031164
2026-08-21,delta,0.038284436013965265,8,2026-06-23,0.908790000327577,0.9474259656620514,0.8277370480159003,8.105295231167664,11.968891764615108
2026-08-21,delta,0.038284436013965265,8,2026-06-24,1.0212968419394388,1.0822044584333845,0.997212045205562,2.4084796733876868,8.499241322782257
2026-08-21,delta,0.038284436013965265,8,2026-06-25,1.1378975128297515,1.1626327248532402,1.088292438566748,4.960507426300342,7.434028628649214
2026-08-21,delta,0.038284436013965265,8,2026-06-26,1.1646232661430198,1.255447865380861,1.0563430442941797,10.828022184884013,19.910482108668127
2026-08-21,delta,0.038284436013965265,8,2026-06-29,1.0604596561519426,1.1064947078688647,0.9992839686520165,6.117568749992608,10.72107392168482
2026-08-21,delta,0.038284436013965265,8,2026-06-30,1.031083077615664,1.0773993989965631,0.9885903110503553,4.249276656530876,8.88090879462078
2026-08-21,delta,0.038284436013965265,8,2026-07-01,1.0241385459315526,1.0415969409254489,0.9319944396810114,9.214410625054125,10.96025012444375
2026-08-21,delta,0.038284436013965265,8,2026-07-02,0.9831218811462025,1.0376914176649359,,,
2026-08-21,delta,0.038284436013965265,8,2026-07-06,1.1254926942993433,1.1735072998612153,1.065052017504341,6.044067679500231,10.845528235687429
2026-08-21,delta,0.038284436013965265,8,2026-07-07,1.1159980113431445,1.1408859475697608,1.0180305820368905,9.796742930625403,12.285536553287034
2026-08-21,delta,0.038284436013965265,8,2026-07-08,0.9798873360717295,1.0728083072057033,0.9340470460367141,4.584029003501544,13.876126116898924
2026-08-21,delta,0.038284436013965265,8,2026-07-09,0.9229839017988357,0.9520582053167501,0.8599055835024255,6.307831829641019,9.21526218143246
2026-08-21,delta,0.038284436013965265,8,2026-07-10,0.8444745988762858,0.8642641792170658,0.7893218001685709,5.5152798707714945,7.494237904849488
2026-08-21,delta,0.038284436013965265,8,2026-07-13,0.9681973179743294,1.0026587512708065,0.9120610472955673,5.613627067876214,9.059770397523925
2026-08-21,delta,0.038284436013965265,8,2026-07-14,0.9644825451489919,1.0026449265626904,0.8837525165019079,8.0730028647084,11.889241006078255
2026-08-21,delta,0.038284436013965265,8,2026-07-15,0.9603548006028533,0.9818245511526523,0.8573267153071156,10.30280852957377,12.449783584553675
2026-08-21,delta,0.038284436013965265,8,2026-07-16,0.8639866721637682,0.901254157973066,0.7988040085873273,6.518266357644098,10.24501493857387
2026-08-21,delta,0.038284436013965265,8,2026-07-17,0.8959677955369026,0.9168633086801279,0.7916996614350077,10.426813410189496,12.51636472451202
2026-08-21,delta,0.038284436013965265,8,2026-07-20,0.9832326922941068,1.0286867791455252,0.895658157199694,8.757453509441282,13.30286219458312
2026-08-21,delta,0.038284436013965265,8,2026-07-21,0.9575833828197134,0.9895356765973546,0.8745889833736611,8.299439944605236,11.494669322369354
2026-08-21,delta,0.038284436013965265,8,2026-07-22,0.8910117726115985,0.9307144858781787,0.8646262801520183,2.6385492459580218,6.608820572616048
2026-08-21,delta,0.038284436013965265,8,2026-07-23,0.9087634739649096,0.9367096056013722,0.8372832842218426,7.148018974306702,9.942632137952955
2026-08-21,delta,0.038284436013965265,8,2026-07-24,0.8904251644129655,0.9091934834086831,0.8525121435112377,3.7913020901727768,5.66813398974454
2026-08-21,delta,0.038284436013965265,8,2026-07-27,0.9799436811402215,0.995122474912589,0.8992519931631954,8.06916879770261,9.587048174939362
2026-08-21,delta,0.038284436013965265,8,2026-07-28,0.9521427640322164,0.9743577436927278,0.882544179147481,6.959858488473547,9.18135645452468
2026-08-21,delta,0.038284436013965265,8,2026-07-29,0.9718261607109686,1.0599155948032866,0.9224081912995442,4.9417969411424405,13.750740350374235
2026-08-21,delta,0.038284436013965265,8,2026-07-30,0.8980910568465947,0.9269979613490663,0.8268013030003669,7.128975384622782,10.01966583486994
2026-08-21,delta,0.038284436013965265,8,2026-07-31,0.8201927526360246,0.8655247074601465,0.7447633914316282,7.542936120439647,12.076131602851836
2026-08-21,delta,0.038284436013965265,8,2026-08-03,0.8355623416438128,0.8638286822888518,0.7682235022645771,6.733883937923569,9.560518002427465
2026-08-21,delta,0.038284436013965265,8,2026-08-04,0.8282671851866772,0.8565387314285138,0.7641242689712224,6.414291621545476,9.241446245729135
2026-08-21,delta,0.038284436013965265,8,2026-08-05,0.8074657698633592,0.8333807451401524,0.7287566616457418,7.8709108217617345,10.462408349441056
2026-08-21,delta,0.038284436013965265,8,2026-08-06,0.7771923158144832,0.8087000561413424,0.6867710853227416,9.042123049174167,12.192897081860089
2026-08-21,delta,0.038284436013965265,8,2026-08-07,0.7696369613150476,0.8184661765620417,0.6962508396066915,7.338612170835601,12.221533695535014
2026-08-21,delta,0.038284436013965265,8,2026-08-10,0.854539110486893,0.8823210070732028,0.7324716235175354,12.206748696935765,14.984938355566745
2026-08-21,delta,0.038284436013965265,8,2026-08-11,0.8359228898776394,0.8535131154051887,0.6934476296905572,14.247526018708223,16.006548571463153
2026-08-21,delta,0.038284436013965265,8,2026-08-12,0.8168424343581638,0.8285654449068872,0.6294577073674953,18.738472699066854,19.910773753939193
2026-08-21,delta,0.038284436013965265,8,2026-08-13,0.8130456609152913,0.8417120111044113,0.6644105351418182,14.863512577347304,17.730147596259304
2026-08-21,delta,0.038284436013965265,8,2026-08-14,0.7362054042676215,0.7502566113124055,0.6055823460009293,13.062305826669219,14.46742653114762
2026-08-21,delta,0.038284436013965265,8,2026-08-17,0.9004468067945427,0.9147847502315712,0.7107870356403125,18.965977115423016,20.39977145912587
2026-08-21,delta,0.038284436013965265,8,2026-08-18,0.8406362719307847,0.8541527822480809,0.6937406510002391,14.689562093054565,16.041213124784182
2026-08-21,delta,0.038284436013965265,8,2026-08-19,1.0273664807056282,1.0465524299452282,0.7735567959911737,25.380968471445453,27.299563395405457
2026-08-21,delta,0.038284436013965265,8,2026-08-20,1.129214751825684,1.1473984928341765,0.8445607328805151,28.465401894516894,30.283775995366135
2026-08-21,log_otm,0.2948745430332855,8,2026-05-27,,,0.6369622175123927,,
2026-08-21,log_otm,0.2948745430332855,8,2026-05-28,,,0.6579912902105108,,
2026-08-21,log_otm,0.2948745430332855,8,2026-05-29,,,0.6519398565067552,,
2026-08-21,log_otm,0.2948745430332855,8,2026-06-01,,,0.7496915378077811,,
2026-08-21,log_otm,0.2948745430332855,8,2026-06-02,,,0.8732213835277102,,
2026-08-21,log_otm,0.2948745430332855,8,2026-06-03,,,0.8854517811177627,,
2026-08-21,log_otm,0.2948745430332855,8,2026-06-04,,,0.8308934116494296,,
2026-08-21,log_otm,0.2948745430332855,8,2026-06-05,1.0877100705832945,1.1463105826493578,0.9897852417774625,9.792482880583197,15.65253408718953
2026-08-21,log_otm,0.2948745430332855,8,2026-06-08,,,0.848304543826236,,
2026-08-21,log_otm,0.2948745430332855,8,2026-06-09,,,0.8983975888661317,,
2026-08-21,log_otm,0.2948745430332855,8,2026-06-10,,,0.8284428504347943,,
2026-08-21,log_otm,0.2948745430332855,8,2026-06-11,0.9902649399734417,1.0960545830932023,0.7958695534923453,19.439538648109632,30.01850296008569
2026-08-21,log_otm,0.2948745430332855,8,2026-06-12,0.8516997297445993,0.9560591650629345,0.7546837288537375,9.701600089086181,20.137543620919708
2026-08-21,log_otm,0.2948745430332855,8,2026-06-15,,,0.754401816210946,,
2026-08-21,log_otm,0.2948745430332855,8,2026-06-16,,,0.7132685111511688,,
2026-08-21,log_otm,0.2948745430332855,8,2026-06-17,,,0.7619882851182946,,
2026-08-21,log_otm,0.2948745430332855,8,2026-06-18,,,0.7774805290504692,,
2026-08-21,log_otm,0.2948745430332855,8,2026-06-22,1.0496891501673686,1.0892671315453883,0.8497745056746564,19.991464449271223,23.949262587073193
2026-08-21,log_otm,0.2948745430332855,8,2026-06-23,,,0.8277370480159003,,
2026-08-21,log_otm,0.2948745430332855,8,2026-06-24,,,0.997212045205562,,
2026-08-21,log_otm,0.2948745430332855,8,2026-06-25,1.1369038708312962,1.1685368825306235,1.088292438566748,4.861143226454812,8.024444396387542
2026-08-21,log_otm,0.2948745430332855,8,2026-06-26,1.1696812634274587,1.2549559453879573,1.0563430442941797,11.333821913327903,19.861290109377762
2026-08-21,log_otm,0.2948745430332855,8,2026-06-29,,,0.9992839686520165,,
2026-08-21,log_otm,0.2948745430332855,8,2026-06-30,,,0.9885903110503553,,
2026-08-21,log_otm,0.2948745430332855,8,2026-07-01,,,0.9319944396810114,,
2026-08-21,log_otm,0.2948745430332855,8,2026-07-02,,,,,
2026-08-21,log_otm,0.2948745430332855,8,2026-07-06,1.0942343385674005,1.1530510156934644,1.065052017504341,2.9182321063059513,8.799899818912337
2026-08-21,log_otm,0.2948745430332855,8,2026-07-07,1.1464776045032403,1.1822273865169959,1.0180305820368905,12.844702246634988,16.419680448010542
2026-08-21,log_otm,0.2948745430332855,8,2026-07-08,,,0.9340470460367141,,
2026-08-21,log_otm,0.2948745430332855,8,2026-07-09,,,0.8599055835024255,,
2026-08-21,log_otm,0.2948745430332855,8,2026-07-10,0.8846175150396367,0.9807247860725565,0.7893218001685709,9.52957148710658,19.140298590398565
2026-08-21,log_otm,0.2948745430332855,8,2026-07-13,1.0115525446894127,1.0785588332872909,0.9120610472955673,9.949149739384545,16.64977859917236
2026-08-21,log_otm,0.2948745430332855,8,2026-07-14,,,0.8837525165019079,,
2026-08-21,log_otm,0.2948745430332855,8,2026-07-15,,,0.8573267153071156,,
2026-08-21,log_otm,0.2948745430332855,8,2026-07-16,,,0.7988040085873273,,
2026-08-21,log_otm,0.2948745430332855,8,2026-07-17,0.9511752772165658,0.9863514462779808,0.7916996614350077,15.947561578155812,19.465178484297308
2026-08-21,log_otm,0.2948745430332855,8,2026-07-20,,,0.895658157199694,,
2026-08-21,log_otm,0.2948745430332855,8,2026-07-21,,,0.8745889833736611,,
2026-08-21,log_otm,0.2948745430332855,8,2026-07-22,,,0.8646262801520183,,
2026-08-21,log_otm,0.2948745430332855,8,2026-07-23,,,0.8372832842218426,,
2026-08-21,log_otm,0.2948745430332855,8,2026-07-24,0.9498411369739411,0.9982516414987964,0.8525121435112377,9.73289934627034,14.57394979875587
2026-08-21,log_otm,0.2948745430332855,8,2026-07-27,,,0.8992519931631954,,
2026-08-21,log_otm,0.2948745430332855,8,2026-07-28,,,0.882544179147481,,
2026-08-21,log_otm,0.2948745430332855,8,2026-07-29,,,0.9224081912995442,,
2026-08-21,log_otm,0.2948745430332855,8,2026-07-30,,,0.8268013030003669,,
2026-08-21,log_otm,0.2948745430332855,8,2026-07-31,0.9019949399152165,0.9701123336972609,0.7447633914316282,15.723154848358833,22.534894226563274
2026-08-21,log_otm,0.2948745430332855,8,2026-08-03,,,0.7682235022645771,,
2026-08-21,log_otm,0.2948745430332855,8,2026-08-04,,,0.7641242689712224,,
2026-08-21,log_otm,0.2948745430332855,8,2026-08-05,,,0.7287566616457418,,
2026-08-21,log_otm,0.2948745430332855,8,2026-08-06,,,0.6867710853227416,,
2026-08-21,log_otm,0.2948745430332855,8,2026-08-07,,,0.6962508396066915,,
2026-08-21,log_otm,0.2948745430332855,8,2026-08-10,,,0.7324716235175354,,
2026-08-21,log_otm,0.2948745430332855,8,2026-08-11,,,0.6934476296905572,,
2026-08-21,log_otm,0.2948745430332855,8,2026-08-12,,,0.6294577073674953,,
2026-08-21,log_otm,0.2948745430332855,8,2026-08-13,,,0.6644105351418182,,
2026-08-21,log_otm,0.2948745430332855,8,2026-08-14,,,0.6055823460009293,,
2026-08-21,log_otm,0.2948745430332855,8,2026-08-17,,,0.7107870356403125,,
2026-08-21,log_otm,0.2948745430332855,8,2026-08-18,,,0.6937406510002391,,
2026-08-21,log_otm,0.2948745430332855,8,2026-08-19,,,0.7735567959911737,,
2026-08-21,log_otm,0.2948745430332855,8,2026-08-20,,,0.8445607328805151,,
2026-08-24,delta,0.03544676565846313,5,2026-05-28,0.8864677116695757,0.9181840674689717,0.6764298761327312,21.003783553684453,24.175419133624054
2026-08-24,delta,0.03544676565846313,5,2026-05-29,0.8305754263801095,0.8684356759949965,0.6660273023297059,16.454812405040364,20.240837366529064
2026-08-24,delta,0.03544676565846313,5,2026-06-01,0.9772070382402755,0.9883412350628279,0.7937515431751484,18.345549506512715,19.45896918876795
2026-08-24,delta,0.03544676565846313,5,2026-06-02,1.0436596047615436,1.0658463234249915,0.9413230229335414,10.23365818280022,12.452330049145012
2026-08-24,delta,0.03544676565846313,5,2026-06-03,1.065685916022173,1.0807845925311783,0.9321481513961356,13.35377646260374,14.863644113504272
2026-08-24,delta,0.03544676565846313,5,2026-06-04,1.020142489045572,1.059436607620903,0.8556839574119859,16.445853163358603,20.37526502089171
2026-08-24,delta,0.03544676565846313,5,2026-06-05,1.0672651686362296,1.1586294413670168,1.0028226529516018,6.444251568462778,15.580678841541506
2026-08-24,delta,0.03544676565846313,5,2026-06-08,1.0028642299855972,1.0269548348104043,0.9104871558960564,9.237707408954076,11.646767891434784
2026-08-24,delta,0.03544676565846313,5,2026-06-09,1.032858726612004,1.0764984206310304,0.966243121361185,6.661560525081899,11.025529926984545
2026-08-24,delta,0.03544676565846313,5,2026-06-10,0.987389224022303,1.042178408140859,0.8663119625538499,12.10772614684531,17.586644558700904
2026-08-24,delta,0.03544676565846313,5,2026-06-11,0.9089902631874789,1.0024600685242242,0.8259203335336022,8.306992965387671,17.653973499062204
2026-08-24,delta,0.03544676565846313,5,2026-06-12,0.8346257641679843,0.8824363935520012,,,
2026-08-24,delta,0.03544676565846313,5,2026-06-15,0.9427761343269966,0.9822380099396422,0.8101191284902968,13.265700583669982,17.21188814493454
2026-08-24,delta,0.03544676565846313,5,2026-06-16,0.902862215075921,0.9203628849838195,0.7598016465843782,14.306056849154281,16.056123839944124
2026-08-24,delta,0.03544676565846313,5,2026-06-17,0.9623638461670888,0.9918051147718518,0.8072303171217768,15.513352904531196,18.457479765007502
2026-08-24,delta,0.03544676565846313,5,2026-06-18,0.7622099619196119,0.8525414555479428,0.7662768486568511,-0.4066886737239206,8.626460689109173
2026-08-24,delta,0.03544676565846313,5,2026-06-22,1.1179395168932715,1.1310627515637706,0.9166629498888658,20.12765670044058,21.43998016749048
2026-08-24,delta,0.03544676565846313,5,2026-06-23,0.9906051551502987,1.029232322644143,0.8853795017109596,10.522565343933909,14.385282093318352
2026-08-24,delta,0.03544676565846313,5,2026-06-24,1.1258480891069447,1.1830928107148115,1.0574374153126764,6.841067379426824,12.56553954021351
2026-08-24,delta,0.03544676565846313,5,2026-06-25,1.2267916861514827,1.2762933598133002,1.1542177759000678,7.257391025141491,12.207558391323236
2026-08-24,delta,0.03544676565846313,5,2026-06-26,1.2443750573523706,1.3164109517113656,1.07683275600858,16.754230134379068,23.95781957027856
2026-08-24,delta,0.03544676565846313,5,2026-06-29,1.1408225930761668,1.239274798335896,1.0871764284405985,5.364616463556837,15.209836989529757
2026-08-24,delta,0.03544676565846313,5,2026-06-30,1.0935371764213906,1.169146003302313,1.0484106547189789,4.5126521702411715,12.073534858333424
2026-08-24,delta,0.03544676565846313,5,2026-07-01,1.0966642075826947,1.125462756276686,0.9701509257826637,12.651328180003096,15.53118304940222
2026-08-24,delta,0.03544676565846313,5,2026-07-02,0.9791607601635781,1.0391704813738785,,,
2026-08-24,delta,0.03544676565846313,5,2026-07-06,1.1765262142105846,1.255254169254361,1.1470662387562858,2.9459975454298792,10.818793049807528
2026-08-24,delta,0.03544676565846313,5,2026-07-07,1.1983087073761174,1.2280999650997382,1.0805755273541744,11.7733180021943,14.75244377455638
2026-08-24,delta,0.03544676565846313,5,2026-07-08,1.0638572924854572,1.1107840244950131,0.9667128066600524,9.71444858254048,14.407121783496068
2026-08-24,delta,0.03544676565846313,5,2026-07-09,0.9471155938743517,0.978636697104818,0.8803468589047366,6.676873496961511,9.82898382000814
2026-08-24,delta,0.03544676565846313,5,2026-07-10,,,,,
2026-08-24,delta,0.03544676565846313,5,2026-07-13,1.0570294663633666,1.1010904636046803,0.9536955033662727,10.333396299709385,14.73949602384076
2026-08-24,delta,0.03544676565846313,5,2026-07-14,1.0493580394107174,1.0787347087524972,0.9285942968549132,12.076374255580413,15.014041189758398
2026-08-24,delta,0.03544676565846313,5,2026-07-15,0.9954452704505744,1.017537376409827,0.8874499829023785,10.799528754819587,13.008739350744847
2026-08-24,delta,0.03544676565846313,5,2026-07-16,0.9035845861568559,0.9455238504017897,0.8249595878202559,7.862499833659998,12.056426258153374
2026-08-24,delta,0.03544676565846313,5,2026-07-17,0.8876380549733597,0.9052762588920428,,,
2026-08-24,delta,0.03544676565846313,5,2026-07-20,0.9435859730259812,0.9761375740264465,0.9118222141540616,3.1763758871919623,6.43153598723849
2026-08-24,delta,0.03544676565846313,5,2026-07-21,0.9842010825809787,1.010240732591925,0.8853162873941336,9.888479518684512,12.492444519779134
2026-08-24,delta,0.03544676565846313,5,2026-07-22,0.88722957846916,0.9391682459613064,0.8634602022259544,2.376937624320552,7.5708043735352
2026-08-24,delta,0.03544676565846313,5,2026-07-23,0.9064005239945954,0.9311002030302397,0.8360026849702553,7.039783902434005,9.509751805998434
2026-08-24,delta,0.03544676565846313,5,2026-07-24,,,0.8261680801354805,,
2026-08-24,delta,0.03544676565846313,5,2026-07-27,1.0640082914856515,1.0761710133954625,0.9865842403489347,7.74240511367168,8.958677304652785
2026-08-24,delta,0.03544676565846313,5,2026-07-28,1.0502784363196147,1.0796834073435868,0.9757483138858469,7.453012243376778,10.393509345773989
2026-08-24,delta,0.03544676565846313,5,2026-07-29,1.0801820994612588,1.1580105198970356,1.0125335725779208,6.7648526883338,14.547694731911488
2026-08-24,delta,0.03544676565846313,5,2026-07-30,1.0210843099489018,1.0473212474317994,0.9191808587067452,10.19034512421566,12.814038872505428
2026-08-24,delta,0.03544676565846313,5,2026-07-31,0.8323410410604002,0.9065333007164972,0.7542801182692677,7.806092279113253,15.225318244722953
2026-08-24,delta,0.03544676565846313,5,2026-08-03,0.899390435128664,0.917882317186676,0.8080239055338395,9.13665295948245,10.985841165283649
2026-08-24,delta,0.03544676565846313,5,2026-08-04,0.8693106456591165,0.8952752025554235,0.8020878914895668,6.72227541695497,9.318731106585664
2026-08-24,delta,0.03544676565846313,5,2026-08-05,0.8467364366257011,0.8820960028510179,0.7638983887194646,8.28380479062365,11.819761413155327
2026-08-24,delta,0.03544676565846313,5,2026-08-06,0.8015365779994107,0.8296574527089517,0.7095426921771963,9.199388582221435,12.01147605317554
2026-08-24,delta,0.03544676565846313,5,2026-08-07,0.7869207450562713,0.8457186001769317,,,
2026-08-24,delta,0.03544676565846313,5,2026-08-10,0.8562358240891846,0.9007972499308353,0.7749829952415156,8.125282884766904,12.581425468931972
2026-08-24,delta,0.03544676565846313,5,2026-08-11,0.85423868885238,0.8782789297172996,0.7280266958210169,12.62119930313631,15.025223389628273
2026-08-24,delta,0.03544676565846313,5,2026-08-12,0.8229599425415313,0.8354811949311858,0.6540594074547427,16.89005350867886,18.142178747644312
2026-08-24,delta,0.03544676565846313,5,2026-08-13,0.8486651014126259,0.8801458596745058,0.6855041862968055,16.31609151158203,19.46416733777002
2026-08-24,delta,0.03544676565846313,5,2026-08-14,,,0.6060057820694511,,
2026-08-24,delta,0.03544676565846313,5,2026-08-17,0.9776165136325491,0.9860426449498694,0.7416423040896437,23.597420954290538,24.440034086022568
2026-08-24,delta,0.03544676565846313,5,2026-08-18,0.8634877389190188,0.8796896128412521,0.7121872868380273,15.13004520809914,16.75023260032248
2026-08-24,delta,0.03544676565846313,5,2026-08-19,1.1097101132541318,1.1265787308976931,0.8147439213664865,29.496619188764527,31.183480953120657
2026-08-24,delta,0.03544676565846313,5,2026-08-20,1.1954855847635628,1.2145028162580702,0.8789490762675408,31.6536508496022,33.55537399905294
2026-08-24,delta,0.03544676565846313,5,2026-08-21,,,0.8351625815259703,,
2026-08-24,log_otm,0.23711161989661278,5,2026-05-28,,,0.6764298761327312,,
2026-08-24,log_otm,0.23711161989661278,5,2026-05-29,,,0.6660273023297059,,
2026-08-24,log_otm,0.23711161989661278,5,2026-06-01,1.0630786786475184,1.0919223651313936,0.7937515431751484,26.932713547236997,29.817082195624522
2026-08-24,log_otm,0.23711161989661278,5,2026-06-02,1.0967431705242852,1.114365297851895,0.9413230229335414,15.542014759074373,17.304227491835356
2026-08-24,log_otm,0.23711161989661278,5,2026-06-03,,,0.9321481513961356,,
2026-08-24,log_otm,0.23711161989661278,5,2026-06-04,,,0.8556839574119859,,
2026-08-24,log_otm,0.23711161989661278,5,2026-06-05,,,1.0028226529516018,,
2026-08-24,log_otm,0.23711161989661278,5,2026-06-08,1.116282840692086,1.1346740618351925,0.9104871558960564,20.57956847960295,22.418690593913603
2026-08-24,log_otm,0.23711161989661278,5,2026-06-09,1.138087168980622,1.1666049793467521,0.966243121361185,17.184404761943707,20.036185798556716
2026-08-24,log_otm,0.23711161989661278,5,2026-06-10,,,0.8663119625538499,,
2026-08-24,log_otm,0.23711161989661278,5,2026-06-11,,,0.8259203335336022,,
2026-08-24,log_otm,0.23711161989661278,5,2026-06-12,,,,,
2026-08-24,log_otm,0.23711161989661278,5,2026-06-15,,,0.8101191284902968,,
2026-08-24,log_otm,0.23711161989661278,5,2026-06-16,,,0.7598016465843782,,
2026-08-24,log_otm,0.23711161989661278,5,2026-06-17,,,0.8072303171217768,,
2026-08-24,log_otm,0.23711161989661278,5,2026-06-18,,,0.7662768486568511,,
2026-08-24,log_otm,0.23711161989661278,5,2026-06-22,1.0894774279958914,1.1417905700388562,0.9166629498888658,17.281447810702566,22.512762014999044
2026-08-24,log_otm,0.23711161989661278,5,2026-06-23,1.0738446608903929,1.1052817846160226,0.8853795017109596,18.84651591794333,21.9902282905063
2026-08-24,log_otm,0.23711161989661278,5,2026-06-24,1.1890486141200534,1.2221880539743415,1.0574374153126764,13.161119880737694,16.475063866166508
2026-08-24,log_otm,0.23711161989661278,5,2026-06-25,,,1.1542177759000678,,
2026-08-24,log_otm,0.23711161989661278,5,2026-06-26,,,1.07683275600858,,
2026-08-24,log_otm,0.23711161989661278,5,2026-06-29,1.1845762605585686,1.2740521874220267,1.0871764284405985,9.73998321179701,18.68757589814283
2026-08-24,log_otm,0.23711161989661278,5,2026-06-30,,,1.0484106547189789,,
2026-08-24,log_otm,0.23711161989661278,5,2026-07-01,,,0.9701509257826637,,
2026-08-24,log_otm,0.23711161989661278,5,2026-07-02,,,,,
2026-08-24,log_otm,0.23711161989661278,5,2026-07-06,1.1634545052794063,1.2515433313328834,1.1470662387562858,1.6388266523120532,10.447709257659765
2026-08-24,log_otm,0.23711161989661278,5,2026-07-07,1.2215831445012824,1.243532719399232,1.0805755273541744,14.100761714710796,16.295719204505765
2026-08-24,log_otm,0.23711161989661278,5,2026-07-08,,,0.9667128066600524,,
2026-08-24,log_otm,0.23711161989661278,5,2026-07-09,,,0.8803468589047366,,
2026-08-24,log_otm,0.23711161989661278,5,2026-07-10,,,,,
2026-08-24,log_otm,0.23711161989661278,5,2026-07-13,1.072439734532726,1.111807387010362,0.9536955033662727,11.874423116645316,15.811188364408924
2026-08-24,log_otm,0.23711161989661278,5,2026-07-14,1.1002222858867514,1.1292020828075573,0.9285942968549132,17.16279890318382,20.060778595264406
2026-08-24,log_otm,0.23711161989661278,5,2026-07-15,,,0.8874499829023785,,
2026-08-24,log_otm,0.23711161989661278,5,2026-07-16,,,0.8249595878202559,,
2026-08-24,log_otm,0.23711161989661278,5,2026-07-17,,,,,
2026-08-24,log_otm,0.23711161989661278,5,2026-07-20,1.0156842635592396,1.0807654603122578,0.9118222141540616,10.386204940517796,16.894324615819624
2026-08-24,log_otm,0.23711161989661278,5,2026-07-21,1.0312185833847145,1.0742045980882227,0.8853162873941336,14.590229599058091,18.88883106940891
2026-08-24,log_otm,0.23711161989661278,5,2026-07-22,,,0.8634602022259544,,
2026-08-24,log_otm,0.23711161989661278,5,2026-07-23,,,0.8360026849702553,,
2026-08-24,log_otm,0.23711161989661278,5,2026-07-24,,,0.8261680801354805,,
2026-08-24,log_otm,0.23711161989661278,5,2026-07-27,1.1145929257952834,1.1373860847233264,0.9865842403489347,12.80086854463487,15.08018443743917
2026-08-24,log_otm,0.23711161989661278,5,2026-07-28,1.0833569361839728,1.1199079867356971,0.9757483138858469,10.760862229812584,14.41596728498502
2026-08-24,log_otm,0.23711161989661278,5,2026-07-29,1.1400639983978464,1.1625774957952217,1.0125335725779208,12.753042581992569,15.004392321730098
2026-08-24,log_otm,0.23711161989661278,5,2026-07-30,,,0.9191808587067452,,
2026-08-24,log_otm,0.23711161989661278,5,2026-07-31,,,0.7542801182692677,,
2026-08-24,log_otm,0.23711161989661278,5,2026-08-03,0.935701825338218,1.0206665978373255,0.8080239055338395,12.767791980437849,21.2642692303486
2026-08-24,log_otm,0.23711161989661278,5,2026-08-04,,,0.8020878914895668,,
2026-08-24,log_otm,0.23711161989661278,5,2026-08-05,,,0.7638983887194646,,
2026-08-24,log_otm,0.23711161989661278,5,2026-08-06,,,0.7095426921771963,,
2026-08-24,log_otm,0.23711161989661278,5,2026-08-07,,,,,
2026-08-24,log_otm,0.23711161989661278,5,2026-08-10,0.922961280926739,0.9682572478400202,0.7749829952415156,14.797828568522341,19.32742525985046
2026-08-24,log_otm,0.23711161989661278,5,2026-08-11,,,0.7280266958210169,,
2026-08-24,log_otm,0.23711161989661278,5,2026-08-12,,,0.6540594074547427,,
2026-08-24,log_otm,0.23711161989661278,5,2026-08-13,,,0.6855041862968055,,
2026-08-24,log_otm,0.23711161989661278,5,2026-08-14,,,0.6060057820694511,,
2026-08-24,log_otm,0.23711161989661278,5,2026-08-17,1.0485431241416039,1.0670855084668083,0.7416423040896437,30.690082005196018,32.54432043771646
2026-08-24,log_otm,0.23711161989661278,5,2026-08-18,,,0.7121872868380273,,
2026-08-24,log_otm,0.23711161989661278,5,2026-08-19,,,0.8147439213664865,,
2026-08-24,log_otm,0.23711161989661278,5,2026-08-20,,,0.8789490762675408,,
2026-08-24,log_otm,0.23711161989661278,5,2026-08-21,,,0.8351625815259703,,
2026-08-31,delta,0.042562422916518385,5,2026-06-04,1.0135397078360588,1.0425455808360193,0.8556839574119859,15.785575042407295,18.686162342403346
2026-08-31,delta,0.042562422916518385,5,2026-06-05,1.0532627162900272,1.105290124077903,1.0028226529516018,5.044006333842543,10.246747112630118
2026-08-31,delta,0.042562422916518385,5,2026-06-08,0.9913304941363096,1.004299692717591,0.9104871558960564,8.084333824025315,9.381253682153446
2026-08-31,delta,0.042562422916518385,5,2026-06-09,1.0296008294875307,1.060545532187661,0.966243121361185,6.335770812634578,9.430241082647594
2026-08-31,delta,0.042562422916518385,5,2026-06-10,0.974016207206414,1.0120561894314237,0.8663119625538499,10.770424465256411,14.574422687757382
2026-08-31,delta,0.042562422916518385,5,2026-06-11,0.9618138510634247,0.9991682372477468,0.8259203335336022,13.589351752982248,17.324790371414466
2026-08-31,delta,0.042562422916518385,5,2026-06-12,0.8742678378484282,0.8853047947205235,,,
2026-08-31,delta,0.042562422916518385,5,2026-06-15,0.9399145665979656,0.9646879673969466,0.8101191284902968,12.97954381076688,15.456883890664985
2026-08-31,delta,0.042562422916518385,5,2026-06-16,0.857878810219167,0.8860095059047299,0.7598016465843782,9.80771636347888,12.620785932035172
2026-08-31,delta,0.042562422916518385,5,2026-06-17,0.8887446084037197,0.9510855619133781,0.8072303171217768,8.151429128194287,14.385524479160129
2026-08-31,delta,0.042562422916518385,5,2026-06-18,0.8136014419648411,0.8370224899224844,0.7662768486568511,4.732459330798999,7.074564126563332
2026-08-31,delta,0.042562422916518385,5,2026-06-22,1.0802935769197344,1.1036296885903982,0.9166629498888658,16.36306270308686,18.696673870153248
2026-08-31,delta,0.042562422916518385,5,2026-06-23,0.9743704591154367,1.013394703561398,0.8853795017109596,8.899095740447716,12.801520185043834
2026-08-31,delta,0.042562422916518385,5,2026-06-24,1.1016710351477832,1.164759452904121,1.0574374153126764,4.423361983510676,10.732203759144454
2026-08-31,delta,0.042562422916518385,5,2026-06-25,1.198927130828608,1.274968644564346,1.1542177759000678,4.470935492854022,12.07508686642782
2026-08-31,delta,0.042562422916518385,5,2026-06-26,1.2432068014672752,1.2667923070403764,1.07683275600858,16.63740454586953,18.99595510317964
2026-08-31,delta,0.042562422916518385,5,2026-06-29,1.1715019413229948,1.2058172101845217,1.0871764284405985,8.432551288239631,11.864078174392322
2026-08-31,delta,0.042562422916518385,5,2026-06-30,1.0599408301578122,1.1265801606891688,1.0484106547189789,1.1530175438833279,7.81695059701899
2026-08-31,delta,0.042562422916518385,5,2026-07-01,1.0716875286150767,1.1059413309544417,0.9701509257826637,10.153660283241294,13.579040517177798
2026-08-31,delta,0.042562422916518385,5,2026-07-02,0.9760954106130855,1.0044762403480603,,,
2026-08-31,delta,0.042562422916518385,5,2026-07-06,1.2073851193582934,1.2526622917995558,1.1470662387562858,6.031888060200763,10.559605304327002
2026-08-31,delta,0.042562422916518385,5,2026-07-07,1.1880412285974207,1.2126018921769153,1.0805755273541744,10.746570124324627,13.202636482274087
2026-08-31,delta,0.042562422916518385,5,2026-07-08,1.0555933579435253,1.0978484005597893,0.9667128066600524,8.888055128347283,13.113559389973684
2026-08-31,delta,0.042562422916518385,5,2026-07-09,0.9518018089459601,0.9768281337248008,0.8803468589047366,7.145495004122349,9.64812748200642
2026-08-31,delta,0.042562422916518385,5,2026-07-10,,,,,
2026-08-31,delta,0.042562422916518385,5,2026-07-13,1.0358819176507088,1.0644631588371725,0.9536955033662727,8.218641428443608,11.076765547089973
2026-08-31,delta,0.042562422916518385,5,2026-07-14,1.0349049006525157,1.0597357870694968,0.9285942968549132,10.63106037976025,13.114149021458354
2026-08-31,delta,0.042562422916518385,5,2026-07-15,0.9766389646638108,1.0265896334144184,0.8874499829023785,8.91889817614323,13.913965051203991
2026-08-31,delta,0.042562422916518385,5,2026-07-16,0.900745890680478,0.9375926121260888,0.8249595878202559,7.578630286022204,11.263302430583288
2026-08-31,delta,0.042562422916518385,5,2026-07-17,0.8737822368633018,0.8924276214393883,,,
2026-08-31,delta,0.042562422916518385,5,2026-07-20,0.9399846860919202,0.9850964629346954,0.9118222141540616,2.816247193785859,7.327424878063383
2026-08-31,delta,0.042562422916518385,5,2026-07-21,0.9647180146637334,1.013485833333531,0.8853162873941336,7.940172726959982,12.816954593939744
2026-08-31,delta,0.042562422916518385,5,2026-07-22,0.868134549400472,0.9274047542760961,0.8634602022259544,0.46743471745175347,6.394455205014172
2026-08-31,delta,0.042562422916518385,5,2026-07-23,0.8982462907724622,0.9183705416852379,0.8360026849702553,6.224360580220689,8.236785671498259
2026-08-31,delta,0.042562422916518385,5,2026-07-24,,,0.8261680801354805,,
2026-08-31,delta,0.042562422916518385,5,2026-07-27,1.0507105578223617,1.0669698589712486,0.9865842403489347,6.412631747342701,8.038561862231397
2026-08-31,delta,0.042562422916518385,5,2026-07-28,1.0313473430271622,1.055594556830894,0.9757483138858469,5.5599029141315315,7.984624294504705
2026-08-31,delta,0.042562422916518385,5,2026-07-29,1.049857830497913,1.1228597010396955,1.0125335725779208,3.7324257919992165,11.03261284617747
2026-08-31,delta,0.042562422916518385,5,2026-07-30,1.012394685668945,1.0347184652432129,0.9191808587067452,9.321382696219981,11.553760653646773
2026-08-31,delta,0.042562422916518385,5,2026-07-31,0.8539749269279805,0.8867357956993422,0.7542801182692677,9.969480865871283,13.245567743007458
2026-08-31,delta,0.042562422916518385,5,2026-08-03,0.8709636239272617,0.8972831309959883,0.8080239055338395,6.293971839342216,8.925922546214881
2026-08-31,delta,0.042562422916518385,5,2026-08-04,0.8209078162419956,0.8650250706064373,0.8020878914895668,1.8819924752428774,6.293717911687047
2026-08-31,delta,0.042562422916518385,5,2026-08-05,0.8311195218589053,0.8640917534659952,0.7638983887194646,6.722113313944067,10.019336474653063
2026-08-31,delta,0.042562422916518385,5,2026-08-06,0.7794597071670643,0.8226562428919763,0.7095426921771963,6.9917014989867905,11.31135507147799
2026-08-31,delta,0.042562422916518385,5,2026-08-07,0.7998884522570798,0.8413325014251501,,,
2026-08-31,delta,0.042562422916518385,5,2026-08-10,0.8373529256985831,0.8886449937113721,0.7749829952415156,6.236993045706751,11.366199846985648
2026-08-31,delta,0.042562422916518385,5,2026-08-11,0.8500856033504016,0.8677832840325943,0.7280266958210169,12.205890752938476,13.975658821157744
2026-08-31,delta,0.042562422916518385,5,2026-08-12,0.8135655769294794,0.8265583249493068,0.6540594074547427,15.950616947473673,17.249891749456413
2026-08-31,delta,0.042562422916518385,5,2026-08-13,0.8430643490939228,0.8669113132397636,0.6855041862968055,15.756016279711726,18.1407126942958
2026-08-31,delta,0.042562422916518385,5,2026-08-14,,,0.6060057820694511,,
2026-08-31,delta,0.042562422916518385,5,2026-08-17,0.957862365113963,0.9676412371275536,0.7416423040896437,21.622006102431936,22.599893303790985
2026-08-31,delta,0.042562422916518385,5,2026-08-18,0.8580547053567614,0.8687878471407068,0.7121872868380273,14.586741851873409,15.660056030267944
2026-08-31,delta,0.042562422916518385,5,2026-08-19,1.0823762965953623,1.1000339602377798,0.8147439213664865,26.76323752288757,28.529003887129324
2026-08-31,delta,0.042562422916518385,5,2026-08-20,1.1718185160405161,1.1897764123648857,0.8789490762675408,29.28694397729753,31.082733609734493
2026-08-31,delta,0.042562422916518385,5,2026-08-21,,,0.8351625815259703,,
2026-08-31,delta,0.042562422916518385,5,2026-08-24,1.1921823377828467,1.213010362970315,0.9356687849528698,25.65135528299769,27.73415780174453
2026-08-31,delta,0.042562422916518385,5,2026-08-25,1.0359392320455685,1.0585723294710814,0.858063046127277,17.787618591829148,20.050928334380437
2026-08-31,delta,0.042562422916518385,5,2026-08-26,0.9583072868950699,0.9813133623098339,0.7688458179306641,18.946146896440585,21.24675443791698
2026-08-31,delta,0.042562422916518385,5,2026-08-27,1.060967348873124,1.0803568554572154,0.8075771706446954,25.33901782284286,27.277968481252003
2026-08-31,delta,0.042562422916518385,5,2026-08-28,0.8450400935665465,0.859993144772934,,,
2026-08-31,log_otm,0.1881384421155195,5,2026-06-04,,,0.8556839574119859,,
2026-08-31,log_otm,0.1881384421155195,5,2026-06-05,,,1.0028226529516018,,
2026-08-31,log_otm,0.1881384421155195,5,2026-06-08,1.0134100836609923,1.039593717271434,0.9104871558960564,10.292292776493584,12.910656137537757
2026-08-31,log_otm,0.1881384421155195,5,2026-06-09,1.0330567108119948,1.055908285104238,0.966243121361185,6.681358945080984,8.96651637430531
2026-08-31,log_otm,0.1881384421155195,5,2026-06-10,0.9922603264756802,1.018248438547322,0.8663119625538499,12.594836392183028,15.193647599347216
2026-08-31,log_otm,0.1881384421155195,5,2026-06-11,,,0.8259203335336022,,
2026-08-31,log_otm,0.1881384421155195,5,2026-06-12,,,,,
2026-08-31,log_otm,0.1881384421155195,5,2026-06-15,0.9846645657369358,1.008036243403029,0.8101191284902968,17.454543724663907,19.791711491273222
2026-08-31,log_otm,0.1881384421155195,5,2026-06-16,,,0.7598016465843782,,
2026-08-31,log_otm,0.1881384421155195,5,2026-06-17,,,0.8072303171217768,,
2026-08-31,log_otm,0.1881384421155195,5,2026-06-18,,,0.7662768486568511,,
2026-08-31,log_otm,0.1881384421155195,5,2026-06-22,1.0319084912978587,1.0452348099444264,0.9166629498888658,11.52455414089929,12.857186005556065
2026-08-31,log_otm,0.1881384421155195,5,2026-06-23,0.9225664141796207,0.9925892822804911,0.8853795017109596,3.7186912468661126,10.720978056953157
2026-08-31,log_otm,0.1881384421155195,5,2026-06-24,0.9518761468470605,1.0985506108762113,1.0574374153126764,-10.556126846561597,4.111319556353488
2026-08-31,log_otm,0.1881384421155195,5,2026-06-25,1.184585455699635,1.266874395753593,1.1542177759000678,3.0367679799567115,11.265661985352526
2026-08-31,log_otm,0.1881384421155195,5,2026-06-26,,,1.07683275600858,,
2026-08-31,log_otm,0.1881384421155195,5,2026-06-29,1.1529718392892283,1.181635553215943,1.0871764284405985,6.579541084862983,9.445912477534456
2026-08-31,log_otm,0.1881384421155195,5,2026-06-30,1.0822780202652484,1.1270319042025507,1.0484106547189789,3.3867365546269568,7.862124948357185
2026-08-31,log_otm,0.1881384421155195,5,2026-07-01,1.0962505997829792,1.1350638861249702,0.9701509257826637,12.609967400031552,16.49129603423065
2026-08-31,log_otm,0.1881384421155195,5,2026-07-02,,,,,
2026-08-31,log_otm,0.1881384421155195,5,2026-07-06,1.1904910707153578,1.2191319585005178,1.1470662387562858,4.342483195907199,7.206571974423204
2026-08-31,log_otm,0.1881384421155195,5,2026-07-07,1.138213476386977,1.1593575137128336,1.0805755273541744,5.7637949032802505,7.878198635865918
2026-08-31,log_otm,0.1881384421155195,5,2026-07-08,1.0450605421314116,1.076637385174753,0.9667128066600524,7.834773547135921,10.99245785147006
2026-08-31,log_otm,0.1881384421155195,5,2026-07-09,,,0.8803468589047366,,
2026-08-31,log_otm,0.1881384421155195,5,2026-07-10,,,,,
2026-08-31,log_otm,0.1881384421155195,5,2026-07-13,1.0203855986547965,1.0609177709672994,0.9536955033662727,6.669009528852376,10.722226760102672
2026-08-31,log_otm,0.1881384421155195,5,2026-07-14,1.029451120672433,1.0524065282509278,0.9285942968549132,10.085682381751981,12.38122313960146
2026-08-31,log_otm,0.1881384421155195,5,2026-07-15,1.0014826828259207,1.042145925841581,0.8874499829023785,11.403269992354215,15.469594293920252
2026-08-31,log_otm,0.1881384421155195,5,2026-07-16,,,0.8249595878202559,,
2026-08-31,log_otm,0.1881384421155195,5,2026-07-17,,,,,
2026-08-31,log_otm,0.1881384421155195,5,2026-07-20,0.9524228079263365,0.9866995042006977,0.9118222141540616,4.060059377227487,7.4877290046636125
2026-08-31,log_otm,0.1881384421155195,5,2026-07-21,0.9594821449333162,0.9938398564316002,0.8853162873941336,7.416585753918259,10.852356903746664
2026-08-31,log_otm,0.1881384421155195,5,2026-07-22,,,0.8634602022259544,,
2026-08-31,log_otm,0.1881384421155195,5,2026-07-23,,,0.8360026849702553,,
2026-08-31,log_otm,0.1881384421155195,5,2026-07-24,,,0.8261680801354805,,
2026-08-31,log_otm,0.1881384421155195,5,2026-07-27,1.0482535747831854,1.0657258179873375,0.9865842403489347,6.166933443425071,7.914157763840279
2026-08-31,log_otm,0.1881384421155195,5,2026-07-28,1.0249149602749072,1.0489677726621793,0.9757483138858469,4.916664638906032,7.32194587763324
2026-08-31,log_otm,0.1881384421155195,5,2026-07-29,1.0777854737577819,1.122781492443398,1.0125335725779208,6.525190117986113,11.024791986547733
2026-08-31,log_otm,0.1881384421155195,5,2026-07-30,1.0132945377264833,1.0621399864089658,0.9191808587067452,9.411367901973811,14.295912770222063
2026-08-31,log_otm,0.1881384421155195,5,2026-07-31,,,0.7542801182692677,,
2026-08-31,log_otm,0.1881384421155195,5,2026-08-03,0.9065594729691286,0.9224409733054338,0.8080239055338395,9.853556743528912,11.441706777159432
2026-08-31,log_otm,0.1881384421155195,5,2026-08-04,0.8980735925991509,0.9384765065046423,0.8020878914895668,9.598570110958404,13.638861501507549
2026-08-31,log_otm,0.1881384421155195,5,2026-08-05,,,0.7638983887194646,,
2026-08-31,log_otm,0.1881384421155195,5,2026-08-06,,,0.7095426921771963,,
2026-08-31,log_otm,0.1881384421155195,5,2026-08-07,,,,,
2026-08-31,log_otm,0.1881384421155195,5,2026-08-10,0.880619476621767,0.9187646125181389,0.7749829952415156,10.563648138025139,14.37816172766233
2026-08-31,log_otm,0.1881384421155195,5,2026-08-11,0.8473049521991248,0.8887078877664963,0.7280266958210169,11.927825637810797,16.068119194547947
2026-08-31,log_otm,0.1881384421155195,5,2026-08-12,,,0.6540594074547427,,
2026-08-31,log_otm,0.1881384421155195,5,2026-08-13,,,0.6855041862968055,,
2026-08-31,log_otm,0.1881384421155195,5,2026-08-14,,,0.6060057820694511,,
2026-08-31,log_otm,0.1881384421155195,5,2026-08-17,0.9689361676131988,0.9779567187460344,0.7416423040896437,22.729386352355508,23.63144146563907
2026-08-31,log_otm,0.1881384421155195,5,2026-08-18,0.8652317358093042,0.9270059978815277,0.7121872868380273,15.30444489712769,21.481871104350038
2026-08-31,log_otm,0.1881384421155195,5,2026-08-19,1.0769845686969026,1.0982898668442986,0.8147439213664865,26.224064733041608,28.354594547781208
2026-08-31,log_otm,0.1881384421155195,5,2026-08-20,,,0.8789490762675408,,
2026-08-31,log_otm,0.1881384421155195,5,2026-08-21,,,0.8351625815259703,,
2026-08-31,log_otm,0.1881384421155195,5,2026-08-24,1.1374331773233626,1.1591821085707497,0.9356687849528698,20.17643923704928,22.35133236178799
2026-08-31,log_otm,0.1881384421155195,5,2026-08-25,1.022296963222547,1.0471821092859566,0.858063046127277,16.423391709526992,18.911906315867956
2026-08-31,log_otm,0.1881384421155195,5,2026-08-26,0.9833087064269812,1.0046444991201902,0.7688458179306641,21.446288849631713,23.579868118952607
2026-08-31,log_otm,0.1881384421155195,5,2026-08-27,,,0.8075771706446954,,
2026-08-31,log_otm,0.1881384421155195,5,2026-08-28,,,,,
2026-09-03,delta,0.03442508882573573,9,2026-06-09,1.0195066616999349,1.0635711099952567,0.8852631840909798,13.424347760895506,17.83079259042769
2026-09-03,delta,0.03442508882573573,9,2026-06-10,0.9322722803437287,1.0003058745867264,0.8212384442763155,11.103383606741312,17.906743031041085
2026-09-03,delta,0.03442508882573573,9,2026-06-11,0.822842060809697,0.9149285206258309,0.7924622437771155,3.0379817032581524,12.246627684871536
2026-09-03,delta,0.03442508882573573,9,2026-06-12,0.8477372656366929,0.8885840027845802,0.7492946133147973,9.844265232189564,13.928938946978286
2026-09-03,delta,0.03442508882573573,9,2026-06-15,0.8921032145543658,0.9457680491409295,0.7436258068845434,14.847740766982243,20.21422422563861
2026-09-03,delta,0.03442508882573573,9,2026-06-16,0.8525783030771383,0.8685204187926585,0.7043139634827243,14.826433959441399,16.420645530993415
2026-09-03,delta,0.03442508882573573,9,2026-06-17,0.9146023323171684,0.940486890113854,0.753312014659953,16.129031765721535,18.7174875453901
2026-09-03,delta,0.03442508882573573,9,2026-06-18,0.7896911703370628,0.8606831555268243,0.7795376144619023,1.0153555875160536,8.1145541064922
2026-09-03,delta,0.03442508882573573,9,2026-06-22,0.9612777860772669,1.0030991738812234,0.8368012268361834,12.447655924108346,16.629794704503997
2026-09-03,delta,0.03442508882573573,9,2026-06-23,0.8849038395334011,0.9198639502806878,0.8166161333755365,6.828770615786461,10.324781690515128
2026-09-03,delta,0.03442508882573573,9,2026-06-24,1.021544864102267,1.081706676577897,0.9856554537141138,3.5889410388153298,9.605122286378332
2026-09-03,delta,0.03442508882573573,9,2026-06-25,1.102597595933587,1.1709324951843978,1.0751532562932657,2.7444339640321225,9.577923889113205
2026-09-03,delta,0.03442508882573573,9,2026-06-26,1.1566212200557728,1.2190214448016823,1.0445682586706233,11.205296138514953,17.445318613105897
2026-09-03,delta,0.03442508882573573,9,2026-06-29,0.9124153085017024,1.041189905470057,0.9821448084256871,-6.972949992398469,5.904509704437
2026-09-03,delta,0.03442508882573573,9,2026-06-30,1.0270163100545597,1.0735692231414307,0.9771106536269183,4.990565642764144,9.645856951451236
2026-09-03,delta,0.03442508882573573,9,2026-07-01,1.0070939642928216,1.0260812131736512,0.9247556683333835,8.23382959594381,10.132554484026768
2026-09-03,delta,0.03442508882573573,9,2026-07-02,0.9912945852794294,1.0513026959782041,0.9185175148939797,7.277707038544968,13.278518108422443
2026-09-03,delta,0.03442508882573573,9,2026-07-06,1.1362334598037267,1.168419496510908,1.049160878445064,8.70725813586628,11.925861806584415
2026-09-03,delta,0.03442508882573573,9,2026-07-07,1.112676682572015,1.134481893390197,1.0060215585498724,10.665512402214251,12.84603348403246
2026-09-03,delta,0.03442508882573573,9,2026-07-08,1.053180766459036,1.0773533246574378,0.9278716394686081,12.530912699042796,14.948168518882976
2026-09-03,delta,0.03442508882573573,9,2026-07-09,0.9184108888528616,0.9442851457621988,0.8560666000683445,6.234428878451714,8.821854569385435
2026-09-03,delta,0.03442508882573573,9,2026-07-10,0.8609509316859525,0.8845193132916082,0.7922583935678655,6.869253811808695,9.226091972374261
2026-09-03,delta,0.03442508882573573,9,2026-07-13,0.9688993160743803,1.003654821160826,0.9041405938298972,6.47587222444831,9.951422733092885
2026-09-03,delta,0.03442508882573573,9,2026-07-14,0.9503100713094762,0.9911332207705151,0.8751963905063274,7.511368080314885,11.593683026418777
2026-09-03,delta,0.03442508882573573,9,2026-07-15,0.9490452485661534,0.9799378538974157,0.8516314134075813,9.741383515857205,12.83064404898344
2026-09-03,delta,0.03442508882573573,9,2026-07-16,0.8766969620448868,0.915386562945539,0.7938658204713843,8.283114157350246,12.152074247415467
2026-09-03,delta,0.03442508882573573,9,2026-07-17,0.9113693209120541,0.9307654384882919,0.8080178351587063,10.335148575334784,12.274760332958557
2026-09-03,delta,0.03442508882573573,9,2026-07-20,0.9902624841659292,1.049151237162297,0.8926326927968454,9.762979136908378,15.651854436545165
2026-09-03,delta,0.03442508882573573,9,2026-07-21,0.9771647704353178,1.002825060580855,0.872587973516832,10.457679691848575,13.023708706402303
2026-09-03,delta,0.03442508882573573,9,2026-07-22,0.9220173352781436,0.9536141333295708,0.8648420479722828,5.717528730586075,8.877208535728798
2026-09-03,delta,0.03442508882573573,9,2026-07-23,0.9181186898377185,0.9379193428954606,0.8375202173525855,8.059847248513297,10.039912554287511
2026-09-03,delta,0.03442508882573573,9,2026-07-24,0.892007721340758,0.9103766911215905,0.8438141460936845,4.819357524707346,6.656254502790593
2026-09-03,delta,0.03442508882573573,9,2026-07-27,0.9687869722175158,0.9867149443595441,0.8821310558996474,8.665591631786839,10.458388845989674
2026-09-03,delta,0.03442508882573573,9,2026-07-28,0.9407491635937447,0.9695574907878655,0.8641817247258061,7.65674388679386,10.537576606205935
2026-09-03,delta,0.03442508882573573,9,2026-07-29,0.9588155102107195,1.0559414661916593,0.9047336155130364,5.40818946976831,15.120785067862286
2026-09-03,delta,0.03442508882573573,9,2026-07-30,0.8749437556738598,0.9065452889807404,0.8085365236834914,6.640723199036847,9.8008765297249
2026-09-03,delta,0.03442508882573573,9,2026-07-31,0.8159076765473974,0.8699829565953946,0.7447667919525551,7.114088459484225,12.521616464283946
2026-09-03,delta,0.03442508882573573,9,2026-08-03,0.8333905572249295,0.8584577720877762,0.7606245489908178,7.276600823411172,9.78332230969584
2026-09-03,delta,0.03442508882573573,9,2026-08-04,0.8370265054198096,0.8619303754378108,0.7568850350936388,8.01414703261708,10.504534034417201
2026-09-03,delta,0.03442508882573573,9,2026-08-05,0.7885468169918197,0.8387638669839833,0.7220612716162105,6.6485545375609245,11.670259536777284
2026-09-03,delta,0.03442508882573573,9,2026-08-06,0.7819145862825712,0.8179010419030369,0.6824707454379142,9.944384084465696,13.543029646512272
2026-09-03,delta,0.03442508882573573,9,2026-08-07,0.7687913958504845,0.8257719887506291,0.6943977630419166,7.439363280856792,13.137422570871248
2026-09-03,delta,0.03442508882573573,9,2026-08-10,0.8684814653371947,0.8905478276707397,0.7243253955105704,14.415606982662432,16.62224321601693
2026-09-03,delta,0.03442508882573573,9,2026-08-11,0.8367750442993556,0.8538080798848846,0.6868530851270331,14.992195917232243,16.695499475785148
2026-09-03,delta,0.03442508882573573,9,2026-08-12,0.8242667995005725,0.8361630886850219,0.6247955407573935,19.947125874317894,21.136754792762837
2026-09-03,delta,0.03442508882573573,9,2026-08-13,0.8097616641414215,0.8415555963500329,0.6604303744805428,14.933128966087871,18.112522186949008
2026-09-03,delta,0.03442508882573573,9,2026-08-14,0.7447832787343216,0.7601292327752658,0.6141217354036426,13.066154333067903,14.600749737162321
2026-09-03,delta,0.03442508882573573,9,2026-08-17,0.8932912545730665,0.912356291468529,0.704924902357533,18.836635221553344,20.7431389110996
2026-09-03,delta,0.03442508882573573,9,2026-08-18,0.8465742803862081,0.8617582525068348,0.6902705119100445,15.630376847616356,17.148774059679027
2026-09-03,delta,0.03442508882573573,9,2026-08-19,1.0281014524567638,1.0461298732603286,0.7656864614321697,26.241499102459407,28.04434118281589
2026-09-03,delta,0.03442508882573573,9,2026-08-20,1.1310162251856208,1.149461107546282,0.8380376818054874,29.29785433801334,31.14234257407945
2026-09-03,delta,0.03442508882573573,9,2026-08-21,1.1478531332980506,1.1678705014745936,0.8254984240464958,32.23547092515548,34.23720774280979
2026-09-03,delta,0.03442508882573573,9,2026-08-24,1.1138639156470609,1.1469189900587806,0.8566492205731853,25.72146950738756,29.026976948559536
2026-09-03,delta,0.03442508882573573,9,2026-08-25,1.0020271343059186,1.018403342152717,0.7912428100900221,21.078432421589653,22.716053206269493
2026-09-03,delta,0.03442508882573573,9,2026-08-26,0.9255758219629803,0.9538445812747297,0.7245906237301938,20.09851982327865,22.925395754453593
2026-09-03,delta,0.03442508882573573,9,2026-08-27,1.074212318481813,1.079690349263119,0.7651955764050877,30.901674207672535,31.44947728580312
2026-09-03,delta,0.03442508882573573,9,2026-08-28,0.852344419135807,0.8819488993195284,0.6636683487923091,18.8676070343498,21.82805505272193
2026-09-03,delta,0.03442508882573573,9,2026-08-31,0.916121891959318,0.9404732824458748,0.7185074372224777,19.761445473684034,22.196584522339712
2026-09-03,delta,0.03442508882573573,9,2026-09-01,0.8446318936355071,0.8734217147640686,0.6980595624279123,14.657233120759471,17.536215233615625
2026-09-03,delta,0.03442508882573573,9,2026-09-02,0.8259324349574447,0.8492722367274763,0.6489046625737733,17.70277723836714,20.0367574153703
2026-09-03,log_otm,0.2813164114193652,9,2026-06-09,,,0.8852631840909798,,
2026-09-03,log_otm,0.2813164114193652,9,2026-06-10,0.9700313325055823,0.9977893815855705,0.8212384442763155,14.879288822926673,17.655093730925497
2026-09-03,log_otm,0.2813164114193652,9,2026-06-11,0.8933525793472139,0.949954387058327,0.7924622437771155,10.089033557009842,15.749214328121152
2026-09-03,log_otm,0.2813164114193652,9,2026-06-12,0.9313910588050683,0.9827164910457543,0.7492946133147973,18.209644549027104,23.342187773095702
2026-09-03,log_otm,0.2813164114193652,9,2026-06-15,,,0.7436258068845434,,
2026-09-03,log_otm,0.2813164114193652,9,2026-06-16,,,0.7043139634827243,,
2026-09-03,log_otm,0.2813164114193652,9,2026-06-17,,,0.753312014659953,,
2026-09-03,log_otm,0.2813164114193652,9,2026-06-18,0.8900490629517408,0.9339653266248906,0.7795376144619023,11.051144848983851,15.442771216298834
2026-09-03,log_otm,0.2813164114193652,9,2026-06-22,0.9809277916816841,1.0248901522977416,0.8368012268361834,14.412656484550068,18.80889254615582
2026-09-03,log_otm,0.2813164114193652,9,2026-06-23,,,0.8166161333755365,,
2026-09-03,log_otm,0.2813164114193652,9,2026-06-24,1.0151841370375343,1.0707956607521,0.9856554537141138,2.9528683323420513,8.51402070379863
2026-09-03,log_otm,0.2813164114193652,9,2026-06-25,1.1006146328709527,1.1463810079946166,1.0751532562932657,2.546137657768699,7.122775170135087
2026-09-03,log_otm,0.2813164114193652,9,2026-06-26,1.142947474407692,1.1691614197920126,1.0445682586706233,9.837921573706865,12.459316112138929
2026-09-03,log_otm,0.2813164114193652,9,2026-06-29,1.032492628654394,1.089795276725122,0.9821448084256871,5.034782022870699,10.765046829943492
2026-09-03,log_otm,0.2813164114193652,9,2026-06-30,,,0.9771106536269183,,
2026-09-03,log_otm,0.2813164114193652,9,2026-07-01,,,0.9247556683333835,,
2026-09-03,log_otm,0.2813164114193652,9,2026-07-02,0.9826044401447863,1.0317207697744808,0.9185175148939797,6.408692525080662,11.32032548805011
2026-09-03,log_otm,0.2813164114193652,9,2026-07-06,1.0817651104471688,1.1340874136875208,1.049160878445064,3.260423200210494,8.492653524245686
2026-09-03,log_otm,0.2813164114193652,9,2026-07-07,1.103425814986628,1.1232988251371814,1.0060215585498724,9.740425643675565,11.727726658730898
2026-09-03,log_otm,0.2813164114193652,9,2026-07-08,,,0.9278716394686081,,
2026-09-03,log_otm,0.2813164114193652,9,2026-07-09,0.9288055569576545,0.9686052007740473,0.8560666000683445,7.27389568893101,11.253860070570287
2026-09-03,log_otm,0.2813164114193652,9,2026-07-10,0.8786945916466539,0.934646396656803,0.7922583935678655,8.643619807878833,14.238800308893751
2026-09-03,log_otm,0.2813164114193652,9,2026-07-13,0.9836350902577273,1.0294479611703697,0.9041405938298972,7.949449642783013,12.530736734047254
2026-09-03,log_otm,0.2813164114193652,9,2026-07-14,0.9749540305916423,1.019625003081458,0.8751963905063274,9.975764008531495,14.442861257513062
2026-09-03,log_otm,0.2813164114193652,9,2026-07-15,,,0.8516314134075813,,
2026-09-03,log_otm,0.2813164114193652,9,2026-07-16,0.8249919107705311,0.8910249538305601,0.7938658204713843,3.1126090299146814,9.71591333591758
2026-09-03,log_otm,0.2813164114193652,9,2026-07-17,0.9360676533515983,0.9567605125740319,0.8080178351587063,12.804981819289196,14.874267741532565
2026-09-03,log_otm,0.2813164114193652,9,2026-07-20,,,0.8926326927968454,,
2026-09-03,log_otm,0.2813164114193652,9,2026-07-21,,,0.872587973516832,,
2026-09-03,log_otm,0.2813164114193652,9,2026-07-22,,,0.8648420479722828,,
2026-09-03,log_otm,0.2813164114193652,9,2026-07-23,0.9581544774820957,0.9839425970691308,0.8375202173525855,12.063426012951018,14.642237971654525
2026-09-03,log_otm,0.2813164114193652,9,2026-07-24,0.9456973030542468,0.9654162206055199,0.8438141460936845,10.188315696056227,12.160207451183535
2026-09-03,log_otm,0.2813164114193652,9,2026-07-27,,,0.8821310558996474,,
2026-09-03,log_otm,0.2813164114193652,9,2026-07-28,0.9622890397994264,1.0055733045876962,0.8641817247258061,9.810731507362025,14.13915798618901
2026-09-03,log_otm,0.2813164114193652,9,2026-07-29,,,0.9047336155130364,,
2026-09-03,log_otm,0.2813164114193652,9,2026-07-30,0.9445103723561299,0.9658440755596237,0.8085365236834914,13.597384867263852,15.730755187613232
2026-09-03,log_otm,0.2813164114193652,9,2026-07-31,0.8818981614687136,0.930480577772044,0.7447667919525551,13.713136951615844,18.571378581948885
2026-09-03,log_otm,0.2813164114193652,9,2026-08-03,,,0.7606245489908178,,
2026-09-03,log_otm,0.2813164114193652,9,2026-08-04,,,0.7568850350936388,,
2026-09-03,log_otm,0.2813164114193652,9,2026-08-05,,,0.7220612716162105,,
2026-09-03,log_otm,0.2813164114193652,9,2026-08-06,0.8448186191356036,0.8901370557157986,0.6824707454379142,16.234787369768945,20.766631027788442
2026-09-03,log_otm,0.2813164114193652,9,2026-08-07,,,0.6943977630419166,,
2026-09-03,log_otm,0.2813164114193652,9,2026-08-10,,,0.7243253955105704,,
2026-09-03,log_otm,0.2813164114193652,9,2026-08-11,,,0.6868530851270331,,
2026-09-03,log_otm,0.2813164114193652,9,2026-08-12,,,0.6247955407573935,,
2026-09-03,log_otm,0.2813164114193652,9,2026-08-13,0.8609269146656493,0.8955776390607361,0.6604303744805428,20.049654018510655,23.514726458019332
2026-09-03,log_otm,0.2813164114193652,9,2026-08-14,,,0.6141217354036426,,
2026-09-03,log_otm,0.2813164114193652,9,2026-08-17,0.9318513847807782,0.9492594750936417,0.704924902357533,22.69264824232452,24.43345727361087
2026-09-03,log_otm,0.2813164114193652,9,2026-08-18,,,0.6902705119100445,,
2026-09-03,log_otm,0.2813164114193652,9,2026-08-19,,,0.7656864614321697,,
2026-09-03,log_otm,0.2813164114193652,9,2026-08-20,1.0893705203719715,1.1069055296023445,0.8380376818054874,25.133283856648404,26.8867847796857
2026-09-03,log_otm,0.2813164114193652,9,2026-08-21,1.0902233302377486,1.1083086133031308,0.8254984240464958,26.47249061912529,28.281018925663503
2026-09-03,log_otm,0.2813164114193652,9,2026-08-24,1.0970546668680103,1.1191522930399986,0.8566492205731853,24.040544629482508,26.250307246681338
2026-09-03,log_otm,0.2813164114193652,9,2026-08-25,,,0.7912428100900221,,
2026-09-03,log_otm,0.2813164114193652,9,2026-08-26,,,0.7245906237301938,,
2026-09-03,log_otm,0.2813164114193652,9,2026-08-27,1.0412762885430193,1.0554877759681918,0.7651955764050877,27.60807121379316,29.029219956310403
2026-09-03,log_otm,0.2813164114193652,9,2026-08-28,0.9099706500317811,0.9256227081840697,0.6636683487923091,24.630230123947207,26.195435939176058
2026-09-03,log_otm,0.2813164114193652,9,2026-08-31,0.9329659452747086,0.962663366345532,0.7185074372224777,21.44585080522309,24.415592912305428
2026-09-03,log_otm,0.2813164114193652,9,2026-09-01,,,0.6980595624279123,,
2026-09-03,log_otm,0.2813164114193652,9,2026-09-02,,,0.6489046625737733,,
