date,exp,open,net,range,sw10,sw15,k20,has5,nstr
2024-01-02,2024-02-01,4743.5,-13.6,29.2,5,2,4600.0,False,70
2024-01-03,2024-02-02,4718.8,-11.6,22.2,3,3,4580.0,True,169
2024-01-04,2024-02-05,4704.8,-9.1,30.2,2,2,4565.0,True,132
2024-01-05,2024-02-05,4698.3,-3.9,35.4,4,4,4570.0,True,131
2024-01-08,2024-02-07,4707.7,46.4,53.8,1,1,4580.0,False,74
2024-01-09,2024-02-08,4737.4,11.5,32.3,4,2,4610.0,False,75
2024-01-10,2024-02-09,4765.8,6.5,31.4,2,2,4640.0,True,163
2024-01-11,2024-02-12,4794.3,-16.8,52.4,5,2,4660.0,False,79
2024-01-12,2024-02-12,4795.9,-12.9,31.1,5,2,4670.0,False,78
2024-01-16,2024-02-15,4767.8,-10.1,34.0,8,2,4625.0,True,70
2024-01-17,2024-02-16,4728.0,5.4,27.8,3,3,4575.0,True,351
2024-01-18,2024-02-20,4758.2,21.3,36.8,5,2,4610.0,False,75
2024-01-19,2024-02-20,4790.1,47.0,52.3,1,1,4660.0,False,75
2024-01-22,2024-02-21,4863.3,-12.4,22.9,2,1,4740.0,False,82
2024-01-23,2024-02-22,4852.2,7.4,19.3,2,1,4730.0,False,78
2024-01-24,2024-02-23,4890.8,-19.5,32.7,2,2,4770.0,True,172
2024-01-25,2024-02-26,4889.9,-3.7,25.4,5,2,4760.0,True,120
2024-01-26,2024-02-26,4896.7,-6.9,23.1,3,2,4765.0,True,121
2024-01-29,2024-02-28,4894.4,26.6,37.3,1,1,4760.0,False,75
2024-01-30,2024-02-29,4925.6,1.6,12.7,4,0,4800.0,True,342
2024-01-31,2024-03-01,4904.7,-53.7,54.4,5,3,4760.0,False,111
2024-02-01,2024-03-04,4871.5,27.2,48.2,5,4,4725.0,True,94
2024-02-02,2024-03-04,4912.1,53.2,61.8,3,3,4785.0,True,120
2024-02-05,2024-03-06,4950.4,-6.1,35.8,4,2,4820.0,False,86
2024-02-06,2024-03-07,4952.5,-6.5,19.3,6,1,4820.0,False,81
2024-02-07,2024-03-08,4975.8,17.6,27.7,3,1,4845.0,True,170
2024-02-08,2024-03-11,4993.7,0.7,11.6,1,0,4865.0,True,120
2024-02-09,2024-03-11,5004.4,16.8,24.9,1,1,4890.0,True,120
2024-02-12,2024-03-13,5026.5,-3.0,29.4,2,2,4890.0,False,77
2024-02-13,2024-03-14,4960.3,-18.1,49.0,4,3,4800.0,False,78
2024-02-14,2024-03-15,4979.4,16.1,35.5,5,5,4840.0,True,368
2024-02-15,2024-03-18,5010.0,13.1,30.9,2,1,4860.0,False,96
2024-02-16,2024-03-18,5021.3,-20.4,36.7,5,2,4860.0,False,97
2024-02-20,2024-03-21,4991.5,-21.7,36.1,5,2,4820.0,False,78
2024-02-21,2024-03-22,4961.2,9.8,23.0,3,2,4800.0,True,180
2024-02-22,2024-03-25,5040.7,46.0,53.3,4,1,4920.0,False,76
2024-02-23,2024-03-25,5107.7,-12.3,26.8,3,2,4970.0,False,88
2024-02-26,2024-03-27,5095.4,-18.4,22.6,1,1,4950.0,False,85
2024-02-27,2024-03-28,5071.1,6.5,17.8,2,1,4935.0,True,439
2024-02-28,2024-04-01,5062.0,5.5,15.2,4,1,4925.0,True,84
2024-02-29,2024-04-01,5095.2,0.5,29.2,2,2,4960.0,False,84
2024-03-01,2024-04-01,5102.8,34.5,44.1,1,1,4970.0,False,86
2024-03-04,2024-04-03,5129.8,1.8,19.8,2,2,5000.0,False,82
2024-03-05,2024-04-04,5105.2,-34.4,54.8,4,1,4960.0,False,79
2024-03-06,2024-04-05,5111.8,-3.6,31.9,4,3,4960.0,True,194
2024-03-07,2024-04-08,5138.1,18.1,31.6,2,1,4990.0,False,84
2024-03-08,2024-04-08,5169.1,-40.2,67.8,4,4,5040.0,False,86
2024-03-11,2024-04-10,5107.4,7.2,30.7,4,2,4940.0,False,82
2024-03-12,2024-04-11,5135.7,39.1,59.1,4,4,4990.0,False,81
2024-03-13,2024-04-12,5172.1,-3.7,20.6,3,1,5025.0,True,186
2024-03-14,2024-04-15,5171.3,-32.5,47.9,6,5,5000.0,False,82
2024-03-15,2024-04-15,5126.3,-7.1,31.2,4,3,4970.0,False,82
2024-03-18,2024-04-17,5168.4,-11.1,17.5,2,1,5010.0,False,80
2024-03-19,2024-04-18,5137.8,37.9,42.0,1,1,4990.0,False,80
2024-03-20,2024-04-19,5175.4,37.2,51.5,6,1,5030.0,True,375
2024-03-21,2024-04-22,5250.1,-5.5,17.6,2,1,5125.0,True,83
2024-03-22,2024-04-22,5239.7,0.1,15.4,3,1,5110.0,False,87
2024-03-25,2024-04-24,5222.3,1.0,11.0,1,0,5090.0,False,82
2024-03-26,2024-04-25,5234.0,-22.9,23.2,1,1,5100.0,False,81
2024-03-27,2024-04-26,5232.8,7.8,29.1,2,2,5095.0,True,202
2024-03-28,2024-04-29,5248.0,9.8,15.3,1,1,5120.0,False,81
2024-04-01,2024-05-01,5260.8,-22.7,32.0,4,1,5120.0,False,77
2024-04-02,2024-05-02,5196.7,11.7,23.7,2,1,5040.0,False,78
2024-04-03,2024-05-03,5202.5,13.2,26.2,5,2,5040.0,True,185
2024-04-04,2024-05-06,5252.8,-95.2,105.2,5,1,5100.0,False,82
2024-04-05,2024-05-06,5164.8,38.3,61.2,7,2,5000.0,False,89
2024-04-08,2024-05-08,5207.8,-1.0,20.8,4,3,5030.0,False,84
2024-04-09,2024-05-09,5217.2,-20.9,59.4,4,4,5040.0,False,83
2024-04-10,2024-05-10,5150.8,13.0,38.1,12,7,4980.0,True,182
2024-04-11,2024-05-13,5172.2,34.0,70.4,2,2,4990.0,False,83
2024-04-12,2024-05-13,5166.8,-43.6,60.7,6,5,4990.0,False,83
2024-04-15,2024-05-15,5159.2,-91.4,114.0,6,3,4990.0,False,86
2024-04-16,2024-05-16,5065.7,-2.6,34.0,11,9,4850.0,False,95
2024-04-17,2024-05-17,5072.0,-40.1,65.7,6,3,4875.0,True,361
2024-04-18,2024-05-20,5026.7,-9.0,53.4,6,3,4830.0,False,92
2024-04-19,2024-05-20,5008.0,-47.7,56.6,8,3,4820.0,False,94
2024-04-22,2024-05-22,4986.5,30.4,66.7,3,3,4800.0,False,88
2024-04-23,2024-05-23,5029.6,42.3,46.3,3,1,4875.0,True,79
2024-04-24,2024-05-24,5079.5,-6.3,37.6,4,4,4910.0,True,204
2024-04-25,2024-05-28,4999.0,44.1,62.9,7,3,4800.0,False,82
2024-04-26,2024-05-28,5082.9,21.8,30.1,6,1,4930.0,False,81
2024-04-29,2024-05-29,5121.8,-18.5,28.1,6,1,4950.0,False,83
2024-04-30,2024-05-30,5103.6,-38.1,51.6,3,1,4950.0,False,83
2024-05-01,2024-05-31,5030.8,18.2,74.3,7,3,4850.0,True,333
2024-05-02,2024-06-03,5046.8,11.9,59.2,7,3,4865.0,True,123
2024-05-03,2024-06-03,5118.2,8.3,30.6,5,2,4985.0,True,122
2024-05-06,2024-06-05,5151.0,20.8,20.8,1,1,5010.0,False,88
2024-05-07,2024-06-06,5191.8,-3.5,18.6,2,1,5040.0,False,87
2024-05-08,2024-06-07,5169.4,20.9,21.2,3,1,5035.0,True,209
2024-05-09,2024-06-10,5189.2,21.3,29.2,1,1,5045.0,True,124
2024-05-10,2024-06-10,5233.8,-13.1,27.4,2,1,5105.0,True,123
2024-05-13,2024-06-12,5231.1,-11.0,16.5,1,1,5080.0,False,80
2024-05-14,2024-06-13,5223.4,21.6,29.9,3,2,5075.0,True,78
2024-05-15,2024-06-14,5276.0,28.3,40.1,2,1,5130.0,True,196
2024-05-16,2024-06-17,5312.4,-11.5,23.3,2,1,5180.0,False,109
2024-05-17,2024-06-17,5299.0,0.1,16.0,2,2,5170.0,False,109
2024-05-20,2024-06-20,5310.2,-3.6,18.2,2,1,5190.0,False,79
2024-05-21,2024-06-20,5303.9,14.7,17.9,1,1,5175.0,True,80
2024-05-22,2024-06-21,5318.0,-23.7,34.5,2,2,5195.0,True,345
2024-05-23,2024-06-24,5328.9,-62.8,70.3,5,3,5175.0,True,91
2024-05-24,2024-06-24,5288.8,9.3,32.5,3,2,5150.0,False,92
2024-05-28,2024-06-27,5313.2,-19.1,30.6,4,2,5160.0,False,83
2024-05-29,2024-06-28,5264.2,9.1,17.4,3,1,5115.0,True,428
2024-05-30,2024-07-01,5252.8,-28.7,35.0,3,2,5100.0,False,85
2024-05-31,2024-07-01,5242.8,11.6,58.7,3,2,5090.0,False,88
2024-06-03,2024-07-03,5295.5,-23.9,59.6,2,2,5140.0,False,82
2024-06-04,2024-07-05,5264.8,22.7,38.2,7,3,5120.0,True,201
2024-06-05,2024-07-05,5312.4,30.5,50.3,2,1,5165.0,True,201
2024-06-06,2024-07-08,5358.2,-6.2,24.3,4,2,5210.0,False,88
2024-06-07,2024-07-08,5331.6,15.8,42.6,6,5,5210.0,False,87
2024-06-10,2024-07-10,5335.4,19.6,30.7,3,1,5200.0,True,123
2024-06-11,2024-07-11,5342.6,20.8,43.3,2,2,5190.0,False,81
2024-06-12,2024-07-12,5421.4,0.1,32.3,6,4,5300.0,True,189
2024-06-13,2024-07-15,5430.5,3.5,32.1,4,2,5300.0,False,86
2024-06-14,2024-07-15,5417.0,8.2,23.7,6,2,5290.0,False,89
2024-06-17,2024-07-17,5427.6,51.1,66.4,1,1,5285.0,True,129
2024-06-18,2024-07-18,5482.3,-0.5,17.2,2,1,5350.0,False,90
2024-06-20,2024-07-22,5494.2,-20.0,45.6,5,3,5360.0,False,88
2024-06-21,2024-07-22,5470.2,-6.5,23.5,3,3,5325.0,True,90
2024-06-24,2024-07-24,5464.1,-7.2,34.5,5,2,5330.0,False,86
2024-06-25,2024-07-25,5454.8,10.9,25.5,3,2,5310.0,False,83
2024-06-26,2024-07-26,5457.1,11.1,20.9,4,1,5320.0,True,202
2024-06-27,2024-07-29,5480.6,-3.4,22.1,5,3,5350.0,False,75
2024-06-28,2024-07-29,5494.5,-23.9,64.7,5,2,5370.0,False,74
2024-07-01,2024-07-31,5475.3,-7.1,29.4,5,4,5325.0,True,387
2024-07-02,2024-08-01,5466.4,33.6,35.6,3,1,5340.0,False,78
2024-07-05,2024-08-05,5540.2,26.9,32.0,2,1,5410.0,False,76
2024-07-08,2024-08-07,5578.8,-10.4,17.8,1,1,5440.0,False,76
2024-07-09,2024-08-08,5586.2,-7.7,14.7,2,0,5450.0,False,78
2024-07-10,2024-08-09,5589.8,36.8,37.5,1,1,5450.0,False,135
2024-07-11,2024-08-12,5634.3,-44.9,65.0,4,2,5500.0,False,83
2024-07-12,2024-08-12,5593.0,27.5,61.7,4,4,5475.0,True,82
2024-07-15,2024-08-14,5641.8,-18.0,42.3,4,4,5500.0,False,77
2024-07-16,2024-08-15,5651.2,8.4,23.7,4,3,5500.0,False,78
2024-07-17,2024-08-16,5613.6,-21.1,34.6,4,1,5460.0,True,384
2024-07-18,2024-08-19,5600.5,-44.3,88.0,7,5,5450.0,False,82
2024-07-19,2024-08-19,5541.7,-38.7,51.0,9,5,5375.0,False,88
2024-07-22,2024-08-21,5544.5,20.8,39.0,5,5,5370.0,False,83
2024-07-23,2024-08-22,5564.4,-1.2,24.6,6,4,5400.0,False,82
2024-07-24,2024-08-23,5497.7,-61.2,64.5,3,1,5300.0,False,176
2024-07-25,2024-08-26,5423.7,3.9,93.1,7,5,5200.0,False,88
2024-07-26,2024-08-26,5436.8,24.6,52.1,9,4,5250.0,False,89
2024-07-29,2024-08-28,5467.4,6.9,40.3,5,4,5290.0,False,77
2024-07-30,2024-08-29,5480.9,-30.8,79.9,4,2,5280.0,False,85
2024-07-31,2024-08-30,5497.3,32.7,54.0,7,5,5310.0,True,357
2024-08-01,2024-09-03,5552.0,-109.6,152.9,7,4,5360.0,False,86
2024-08-02,2024-09-03,5354.4,-23.2,72.4,10,7,5100.0,False,87
2024-08-05,2024-09-04,5133.7,34.3,117.1,22,10,4700.0,False,84
2024-08-06,2024-09-05,5208.9,52.1,111.9,7,6,4900.0,False,100
2024-08-07,2024-09-06,5303.5,-78.8,118.6,10,9,5075.0,True,238
2024-08-08,2024-09-09,5254.5,60.8,88.1,10,8,4975.0,False,105
2024-08-09,2024-09-09,5315.0,29.4,54.5,8,7,5040.0,False,105
2024-08-12,2024-09-11,5358.2,-22.8,41.9,7,5,5090.0,False,86
2024-08-13,2024-09-12,5388.8,45.4,50.9,2,1,5160.0,False,79
2024-08-14,2024-09-13,5438.0,12.5,45.2,5,4,5225.0,True,194
2024-08-15,2024-09-16,5513.0,26.2,40.4,4,1,5340.0,False,93
2024-08-16,2024-09-16,5531.7,17.7,29.9,4,3,5360.0,False,101
2024-08-19,2024-09-18,5563.1,29.8,44.4,2,1,5380.0,False,86
2024-08-20,2024-09-19,5609.6,-9.4,31.7,6,2,5440.0,False,95
2024-08-21,2024-09-20,5607.0,6.9,36.9,6,4,5415.0,True,386
2024-08-22,2024-09-23,5641.8,-68.9,78.1,7,4,5440.0,False,103
2024-08-23,2024-09-23,5602.9,24.9,48.7,7,5,5410.0,False,103
2024-08-26,2024-09-25,5650.1,-38.9,46.2,4,4,5450.0,False,79
2024-08-27,2024-09-26,5602.8,25.2,34.0,3,3,5420.0,False,80
2024-08-28,2024-09-27,5621.2,-25.3,59.4,6,2,5435.0,True,220
2024-08-29,2024-09-30,5619.5,-27.1,55.0,5,2,5440.0,True,440
2024-08-30,2024-09-30,5622.0,6.8,44.5,2,2,5450.0,True,436
2024-09-03,2024-10-03,5610.5,-94.1,94.1,3,1,5400.0,False,80
2024-09-04,2024-10-04,5520.2,0.2,47.3,7,5,5300.0,False,180
2024-09-05,2024-10-07,5517.3,-20.0,60.0,8,6,5275.0,False,81
2024-09-06,2024-10-07,5518.2,-97.0,114.8,7,6,5250.0,False,83
2024-09-09,2024-10-09,5454.9,8.9,47.6,5,4,5225.0,False,97
2024-09-10,2024-10-10,5489.1,3.6,51.7,4,4,5250.0,False,95
2024-09-11,2024-10-11,5475.2,64.9,133.7,2,2,5220.0,False,169
2024-09-12,2024-10-14,5556.9,34.1,60.2,8,7,5320.0,False,82
2024-09-13,2024-10-14,5610.2,14.9,25.9,6,2,5410.0,False,85
2024-09-16,2024-10-16,5615.0,16.2,27.0,3,3,5425.0,True,90
2024-09-17,2024-10-17,5652.5,-23.7,49.8,6,4,5440.0,False,84
2024-09-18,2024-10-18,5632.7,-14.2,56.0,9,9,5415.0,True,390
2024-09-19,2024-10-21,5706.0,15.5,40.5,5,4,5510.0,False,75
2024-09-20,2024-10-21,5703.2,4.6,34.1,6,4,5500.0,False,86
2024-09-23,2024-10-23,5713.2,6.8,15.8,3,1,5520.0,False,86
2024-09-24,2024-10-24,5723.7,5.5,32.5,2,2,5530.0,False,79
2024-09-25,2024-10-25,5738.6,-19.2,24.7,2,1,5555.0,True,186
2024-09-26,2024-10-28,5757.8,-13.3,36.1,4,2,5575.0,True,80
2024-09-27,2024-10-28,5755.0,-18.2,29.4,2,1,5570.0,False,82
2024-09-30,2024-10-30,5733.3,12.5,39.3,3,3,5525.0,False,78
2024-10-01,2024-10-31,5733.8,-22.8,50.5,9,5,5490.0,True,409
2024-10-02,2024-11-01,5688.9,25.9,45.3,6,3,5450.0,False,153
2024-10-03,2024-11-04,5701.6,-9.0,37.9,9,5,5475.0,False,81
2024-10-04,2024-11-04,5741.0,4.5,43.4,8,4,5500.0,False,82
2024-10-07,2024-11-06,5732.4,-38.9,50.9,3,1,5475.0,False,103
2024-10-08,2024-11-07,5717.4,37.1,39.5,3,1,5450.0,False,82
2024-10-09,2024-11-08,5748.5,42.4,44.2,3,1,5490.0,False,170
2024-10-10,2024-11-11,5777.1,0.4,28.0,3,2,5500.0,False,87
2024-10-11,2024-11-11,5789.5,29.3,35.7,3,3,5540.0,False,87
2024-10-14,2024-11-13,5837.2,33.2,33.2,3,1,5600.0,False,81
2024-10-15,2024-11-14,5865.8,-52.0,58.6,3,1,5620.0,False,90
2024-10-16,2024-11-15,5814.5,28.0,35.8,3,1,5555.0,True,409
2024-10-17,2024-11-18,5867.0,-24.2,24.7,5,3,5625.0,False,84
2024-10-18,2024-11-18,5846.4,14.3,23.9,1,1,5625.0,False,84
2024-10-21,2024-11-20,5858.1,-10.9,38.8,3,2,5625.0,False,81
2024-10-22,2024-11-21,5826.8,30.7,35.9,2,1,5600.0,False,83
2024-10-23,2024-11-22,5832.4,-37.0,69.5,6,2,5600.0,False,168
2024-10-24,2024-11-25,5808.7,3.6,28.9,4,2,5575.0,False,85
2024-10-25,2024-11-25,5839.7,-27.3,59.0,6,3,5625.0,False,88
2024-10-28,2024-11-27,5839.9,-7.9,16.6,1,1,5575.0,False,87
2024-10-29,2024-11-29,5805.2,38.5,42.9,3,1,5565.0,True,387
2024-10-30,2024-11-29,5826.7,-4.2,34.2,7,2,5590.0,True,387
2024-10-31,2024-12-02,5764.5,-30.4,51.0,6,4,5475.0,False,79
2024-11-01,2024-12-02,5739.6,-8.2,40.3,8,4,5475.0,False,93
2024-11-04,2024-12-04,5718.1,-3.7,43.7,6,4,5450.0,False,93
2024-11-05,2024-12-05,5736.7,37.2,44.1,5,1,5500.0,False,94
2024-11-06,2024-12-06,5898.9,36.4,60.2,4,4,5670.0,True,189
2024-11-07,2024-12-09,5950.7,27.3,31.6,3,1,5770.0,False,103
2024-11-08,2024-12-09,5981.3,12.6,31.5,2,2,5810.0,False,108
2024-11-11,2024-12-11,6011.3,-13.8,26.3,3,1,5820.0,False,99
2024-11-12,2024-12-12,6003.9,-14.4,45.0,2,2,5825.0,True,102
2024-11-13,2024-12-13,5991.9,2.6,32.9,4,3,5810.0,True,224
2024-11-14,2024-12-16,5992.7,-48.8,48.8,7,7,5810.0,False,82
2024-11-15,2024-12-16,5905.4,-42.1,59.1,5,2,5725.0,False,85
2024-11-18,2024-12-18,5868.1,27.2,39.7,5,2,5675.0,False,91
2024-11-19,2024-12-19,5864.8,51.9,59.5,3,2,5650.0,False,100
2024-11-20,2024-12-20,5912.8,2.2,47.8,8,8,5670.0,True,402
2024-11-21,2024-12-23,5928.5,25.9,71.9,10,8,5700.0,False,88
2024-11-22,2024-12-23,5958.6,5.3,23.7,6,5,5770.0,False,88
2024-11-25,2024-12-26,6013.1,-31.4,52.7,4,2,5825.0,True,84
2024-11-26,2024-12-26,6004.4,18.5,29.4,4,1,5830.0,False,84
2024-11-27,2024-12-27,6017.0,-17.6,31.0,2,2,5850.0,True,195
2024-12-02,2025-01-02,6045.7,2.2,16.9,1,1,5875.0,True,87
2024-12-03,2025-01-02,6047.7,1.2,16.8,2,1,5890.0,False,88
2024-12-04,2025-01-03,6069.3,18.5,23.6,2,1,5925.0,True,181
2024-12-05,2025-01-06,6087.6,-6.2,16.4,3,1,5940.0,False,87
2024-12-06,2025-01-06,6092.4,-6.4,17.7,3,1,5960.0,False,84
2024-12-09,2025-01-08,6083.0,-30.6,33.0,3,3,5930.0,False,96
2024-12-10,2025-01-09,6051.7,-20.1,32.2,2,1,5900.0,False,85
2024-12-11,2025-01-10,6067.5,19.2,25.2,1,1,5920.0,False,147
2024-12-12,2025-01-13,6068.0,-9.4,22.5,4,2,5910.0,False,86
2024-12-13,2025-01-13,6071.8,-17.6,39.6,4,2,5910.0,False,86
2024-12-16,2025-01-15,6066.3,7.3,21.0,2,1,5900.0,False,87
2024-12-17,2025-01-16,6045.6,-1.1,21.3,4,3,5870.0,False,85
2024-12-18,2025-01-17,6045.0,-141.6,194.7,7,3,5865.0,True,417
2024-12-19,2025-01-21,5933.2,-49.3,52.1,14,7,5650.0,False,109
2024-12-20,2025-01-21,5847.0,94.8,139.3,9,6,5575.0,False,109
2024-12-23,2025-01-22,5940.1,29.0,60.3,6,4,5700.0,False,100
2024-12-26,2025-01-27,6026.1,16.8,39.9,4,3,5840.0,False,93
2024-12-27,2025-01-27,5995.6,-35.5,64.2,8,7,5790.0,False,93
2024-12-30,2025-01-29,5893.5,30.8,68.6,9,3,5650.0,False,89
2024-12-31,2025-01-30,5925.2,-32.0,54.7,10,6,5725.0,False,95
2025-01-02,2025-02-03,5903.1,-35.1,100.1,16,8,5710.0,False,87
2025-01-03,2025-02-03,5904.5,31.6,50.1,8,4,5700.0,False,88
2025-01-06,2025-02-05,5993.9,-33.5,59.8,2,2,5800.0,False,96
2025-01-07,2025-02-06,5993.3,-89.0,97.1,7,5,5790.0,False,94
2025-01-08,2025-02-07,5903.7,7.7,46.8,11,7,5650.0,False,196
2025-01-10,2025-02-10,5874.3,-51.4,65.9,7,5,5600.0,False,87
2025-01-13,2025-02-12,5783.2,39.5,52.9,7,5,5550.0,False,92
2025-01-14,2025-02-13,5862.9,-35.5,61.1,8,5,5600.0,False,94
2025-01-15,2025-02-14,5928.8,25.9,40.8,3,3,5730.0,True,204
2025-01-16,2025-02-18,5957.2,-8.6,28.1,7,4,5740.0,False,96
2025-01-17,2025-02-18,5985.4,17.6,31.4,2,2,5790.0,False,96
2025-01-21,2025-02-20,6029.7,17.3,39.5,2,2,5820.0,False,100
2025-01-22,2025-02-21,6080.5,8.6,21.4,2,1,5905.0,True,372
2025-01-23,2025-02-24,6079.5,22.5,24.9,1,1,5900.0,False,94
2025-01-24,2025-02-24,6119.6,-27.9,35.1,3,1,5940.0,False,97
2025-01-27,2025-02-26,5991.7,8.9,34.9,9,8,5775.0,False,92
2025-01-28,2025-02-27,6016.9,50.4,73.8,6,4,5775.0,False,93
2025-01-29,2025-02-28,6053.1,-13.5,47.1,10,7,5840.0,True,394
2025-01-30,2025-03-03,6057.0,2.8,58.4,9,7,5870.0,False,92
2025-01-31,2025-03-03,6094.5,-49.9,86.3,5,2,5910.0,False,93
2025-02-03,2025-03-05,5953.4,50.4,96.6,9,5,5700.0,False,83
2025-02-04,2025-03-06,5998.8,35.7,41.4,3,3,5775.0,False,90
2025-02-05,2025-03-07,6024.1,26.3,51.0,2,2,5800.0,True,229
2025-02-06,2025-03-10,6075.7,-2.3,28.6,4,2,5870.0,False,89
2025-02-07,2025-03-10,6092.6,-65.5,76.9,9,5,5910.0,False,90
2025-02-10,2025-03-12,6053.8,12.5,23.9,3,3,5850.0,False,86
2025-02-11,2025-03-13,6052.5,13.8,24.1,3,3,5850.0,False,91
2025-02-12,2025-03-14,6014.0,32.5,47.9,8,6,5820.0,False,190
2025-02-13,2025-03-17,6064.7,47.0,59.2,3,3,5875.0,False,84
2025-02-14,2025-03-17,6118.8,-6.1,17.3,3,1,5930.0,False,88
2025-02-18,2025-03-20,6122.8,-9.9,21.6,4,1,5900.0,False,79
2025-02-19,2025-03-21,6116.8,22.1,34.3,2,1,5915.0,True,366
2025-02-20,2025-03-24,6126.3,-8.8,42.1,6,2,5900.0,False,86
2025-02-21,2025-03-24,6110.5,-95.2,99.1,3,3,5900.0,False,86
2025-02-24,2025-03-26,6034.3,-29.2,48.6,5,5,5750.0,False,96
2025-02-25,2025-03-27,5988.1,-28.4,70.8,9,9,5700.0,False,96
2025-02-26,2025-03-28,5967.4,-5.3,73.5,9,5,5750.0,False,215
2025-02-27,2025-03-31,5984.9,-106.2,109.4,9,7,5675.0,True,448
2025-02-28,2025-03-31,5844.8,74.1,80.1,13,7,5605.0,True,449
2025-03-03,2025-04-02,5979.4,-149.4,162.6,12,9,5675.0,False,87
2025-03-04,2025-04-03,5793.6,1.9,127.7,13,9,5450.0,False,92
2025-03-05,2025-04-04,5787.0,55.8,114.0,18,9,5460.0,False,214
2025-03-06,2025-04-07,5762.1,-21.7,95.0,16,10,5450.0,False,95
2025-03-07,2025-04-07,5736.4,32.1,110.6,19,9,5450.0,False,99
2025-03-10,2025-04-09,5678.9,-67.7,131.8,13,8,5350.0,False,97
2025-03-11,2025-04-10,5597.1,10.5,100.4,15,10,5250.0,False,98
2025-03-12,2025-04-11,5634.2,-29.9,80.8,11,9,5280.0,False,218
2025-03-13,2025-04-14,5591.6,-71.9,84.9,11,7,5250.0,False,101
2025-03-14,2025-04-14,5574.9,56.9,59.2,8,7,5300.0,False,106
2025-03-17,2025-04-16,5650.4,43.2,62.8,11,3,5390.0,False,99
2025-03-18,2025-04-17,5646.6,-38.5,44.5,9,4,5330.0,True,431
2025-03-19,2025-04-21,5631.9,58.6,85.3,7,7,5400.0,False,69
2025-03-20,2025-04-21,5651.5,18.6,64.2,13,3,5425.0,False,69
2025-03-21,2025-04-21,5618.8,27.8,51.4,10,6,5350.0,False,69
2025-03-24,2025-04-23,5731.6,38.1,38.1,3,3,5525.0,False,60
2025-03-25,2025-04-24,5775.9,1.0,23.4,6,2,5550.0,False,80
2025-03-26,2025-04-25,5770.8,-58.5,83.1,4,2,5530.0,False,145
2025-03-27,2025-04-28,5684.4,28.0,56.0,10,5,5450.0,False,66
2025-03-28,2025-04-28,5672.2,-90.2,110.8,8,3,5400.0,False,69
2025-03-31,2025-04-30,5505.6,105.5,121.9,14,6,5235.0,True,445
2025-04-01,2025-05-01,5589.6,36.1,84.1,7,7,5300.0,False,70
2025-04-02,2025-05-02,5592.2,82.2,99.1,9,7,5325.0,True,128
2025-04-03,2025-05-05,5493.8,-92.5,95.2,11,5,5100.0,False,66
2025-04-04,2025-05-05,5253.4,-137.0,176.8,23,19,4800.0,False,86
2025-04-07,2025-05-07,4890.2,153.6,314.5,30,27,4400.0,False,105
2025-04-08,2025-05-08,5224.5,-313.3,348.6,25,14,4800.0,False,96
2025-04-09,2025-05-09,4969.3,479.5,499.2,21,19,4450.0,False,188
2025-04-10,2025-05-12,5338.5,-117.2,203.9,28,22,4875.0,False,97
2025-04-11,2025-05-12,5244.5,120.0,151.4,15,13,4750.0,False,106
2025-04-14,2025-05-14,5445.8,-18.5,83.1,17,9,5025.0,False,82
2025-04-15,2025-05-15,5420.2,-24.7,54.5,12,5,5075.0,False,83
2025-04-16,2025-05-16,5347.5,-100.8,140.1,8,6,4930.0,True,485
2025-04-17,2025-05-19,5287.6,-3.2,65.9,12,10,4900.0,False,72
2025-04-21,2025-05-21,5221.1,-77.7,117.7,6,4,4800.0,False,57
2025-04-22,2025-05-22,5210.2,77.9,96.1,7,7,4900.0,False,75
2025-04-23,2025-05-23,5428.8,-58.7,105.0,15,6,5110.0,False,161
2025-04-24,2025-05-27,5379.7,108.0,108.0,9,3,5075.0,True,81
2025-04-25,2025-05-27,5487.4,24.4,63.8,9,6,5130.0,False,94
2025-04-28,2025-05-28,5531.2,-2.4,78.4,9,5,5200.0,False,76
2025-04-29,2025-05-29,5514.8,51.9,58.2,8,7,5200.0,False,69
2025-04-30,2025-05-30,5481.4,64.0,109.8,10,8,5090.0,True,462
2025-05-01,2025-06-02,5611.4,28.1,50.2,9,6,5300.0,False,60
2025-05-02,2025-06-02,5665.7,14.1,46.9,9,4,5350.0,False,70
2025-05-05,2025-06-04,5645.8,13.8,42.2,4,2,5350.0,False,74
2025-05-06,2025-06-05,5608.4,19.3,59.3,8,6,5300.0,False,68
2025-05-07,2025-06-06,5619.9,3.5,53.1,15,9,5320.0,False,184
2025-05-08,2025-06-09,5664.7,21.9,78.9,9,5,5350.0,False,67
2025-05-09,2025-06-09,5688.9,-28.6,40.3,7,4,5400.0,False,70
2025-05-12,2025-06-11,5808.2,21.4,45.6,8,4,5550.0,False,63
2025-05-13,2025-06-12,5850.1,48.0,55.4,5,1,5640.0,False,79
2025-05-14,2025-06-13,5904.5,-19.1,29.9,5,4,5650.0,True,187
2025-05-15,2025-06-16,5878.1,30.2,55.5,7,2,5625.0,False,92
2025-05-16,2025-06-16,5919.6,33.5,47.0,3,2,5700.0,False,95
2025-05-19,2025-06-18,5903.9,51.5,63.5,4,2,5675.0,False,95
2025-05-20,2025-06-20,5946.3,-16.7,41.3,6,3,5690.0,True,458
2025-05-21,2025-06-20,5905.8,-53.8,102.7,11,5,5660.0,True,461
2025-05-22,2025-06-23,5828.4,34.0,48.8,6,5,5575.0,False,102
2025-05-23,2025-06-23,5784.8,26.5,50.0,6,2,5475.0,False,103
2025-05-27,2025-06-26,5863.1,48.0,59.7,2,1,5600.0,False,92
2025-05-28,2025-06-27,5932.2,-34.0,40.8,5,3,5670.0,False,174
2025-05-29,2025-06-30,5931.7,-21.2,48.9,10,6,5665.0,True,465
2025-05-30,2025-06-30,5893.1,19.3,68.0,6,3,5620.0,True,465
2025-06-02,2025-07-02,5905.1,24.7,67.2,4,2,5625.0,False,91
2025-06-03,2025-07-03,5933.6,31.9,47.8,3,2,5690.0,False,137
2025-06-04,2025-07-07,5986.1,-10.6,20.2,5,2,5750.0,False,92
2025-06-05,2025-07-07,5975.3,-23.1,75.7,10,6,5700.0,False,92
2025-06-06,2025-07-07,5998.7,2.0,30.6,6,3,5800.0,False,91
2025-06-09,2025-07-09,5995.6,15.7,24.6,1,1,5775.0,False,94
2025-06-10,2025-07-10,6013.5,14.3,31.6,6,4,5800.0,False,95
2025-06-11,2025-07-11,6040.0,-28.1,51.4,6,6,5825.0,True,144
2025-06-12,2025-07-14,6006.2,28.9,37.8,3,2,5775.0,False,92
2025-06-13,2025-07-14,6005.5,-33.9,57.5,5,3,5725.0,False,92
2025-06-16,2025-07-16,6021.3,10.0,29.9,2,2,5800.0,False,97
2025-06-17,2025-07-17,6011.8,-22.3,44.4,7,2,5750.0,False,97
2025-06-18,2025-07-18,5981.9,7.8,42.0,9,5,5720.0,True,418
2025-06-20,2025-07-21,6006.6,-47.8,63.3,6,5,5725.0,False,95
2025-06-23,2025-07-23,5963.2,52.3,61.4,7,3,5725.0,False,90
2025-06-24,2025-07-24,6068.2,31.8,38.1,2,1,5825.0,False,94
2025-06-25,2025-07-25,6104.7,-16.1,21.9,2,1,5880.0,False,133
2025-06-26,2025-07-28,6115.7,24.1,33.6,1,1,5900.0,False,96
2025-06-27,2025-07-28,6154.8,0.6,51.6,3,3,5960.0,False,101
2025-06-30,2025-07-30,6189.1,16.5,25.9,3,1,5950.0,False,100
2025-07-01,2025-07-31,6188.2,19.0,28.7,7,2,5965.0,True,439
2025-07-02,2025-08-01,6188.8,32.2,34.7,1,1,5960.0,False,150
2025-07-07,2025-08-06,6254.3,-33.9,58.8,4,2,6025.0,False,90
2025-07-08,2025-08-07,6228.2,0.1,21.3,5,3,6000.0,False,90
2025-07-09,2025-08-08,6257.5,2.9,32.2,2,2,6040.0,False,141
2025-07-10,2025-08-11,6259.7,23.3,35.4,1,1,6025.0,False,94
2025-07-11,2025-08-11,6248.0,18.0,28.9,5,1,6025.0,False,97
2025-07-14,2025-08-13,6249.1,20.4,32.7,2,1,6000.0,False,94
2025-07-15,2025-08-14,6290.4,-32.4,37.3,5,3,6050.0,False,94
2025-07-16,2025-08-15,6256.2,11.8,60.4,6,2,6005.0,True,433
2025-07-17,2025-08-18,6266.6,36.3,37.5,3,1,6050.0,False,95
2025-07-18,2025-08-18,6310.0,-16.5,24.4,1,1,6075.0,False,98
2025-07-21,2025-08-20,6312.4,-4.2,27.4,2,2,6100.0,False,96
2025-07-22,2025-08-21,6304.0,10.0,30.4,2,2,6050.0,False,93
2025-07-23,2025-08-22,6332.4,20.4,34.7,4,1,6100.0,False,141
2025-07-24,2025-08-25,6368.3,1.2,15.4,3,1,6175.0,False,101
2025-07-25,2025-08-25,6372.7,20.3,25.2,1,1,6175.0,False,100
2025-07-28,2025-08-27,6396.3,-12.1,22.5,1,1,6175.0,False,96
2025-07-29,2025-08-28,6402.5,-31.0,41.5,3,1,6200.0,False,95
2025-07-30,2025-08-29,6377.8,-30.8,54.6,6,2,6150.0,True,402
2025-07-31,2025-09-02,6410.7,-67.5,71.9,6,5,6200.0,False,96
2025-08-01,2025-09-02,6262.5,-15.1,50.0,8,8,5950.0,False,99
2025-08-04,2025-09-03,6288.6,35.4,36.8,1,1,6050.0,False,107
2025-08-05,2025-09-04,6332.0,-31.4,53.1,8,3,6100.0,False,105
2025-08-06,2025-09-05,6313.3,35.6,49.0,4,3,6060.0,False,185
2025-08-07,2025-09-08,6385.8,-53.8,75.1,6,2,6150.0,False,98
2025-08-08,2025-09-08,6359.9,21.8,34.0,4,3,6150.0,False,98
2025-08-11,2025-09-10,6388.1,-10.9,29.7,3,2,6175.0,False,98
2025-08-12,2025-09-11,6411.3,29.7,51.9,2,2,6175.0,False,97
2025-08-13,2025-09-12,6470.1,-8.7,33.0,2,2,6270.0,True,170
2025-08-14,2025-09-15,6448.3,21.6,28.0,3,3,6250.0,False,104
2025-08-15,2025-09-15,6468.8,-12.2,26.8,3,2,6250.0,False,103
2025-08-18,2025-09-17,6450.6,0.6,14.7,3,0,6225.0,False,97
2025-08-19,2025-09-18,6436.4,-29.8,54.1,4,2,6225.0,False,98
2025-08-20,2025-09-19,6400.6,3.9,59.1,8,6,6130.0,True,405
2025-08-21,2025-09-22,6374.6,-5.9,38.2,6,5,6125.0,False,102
2025-08-22,2025-09-22,6390.6,73.3,87.4,8,4,6150.0,False,97
2025-08-25,2025-09-24,6451.1,-2.3,17.1,2,1,6250.0,False,104
2025-08-26,2025-09-25,6439.0,16.8,28.7,2,1,6225.0,False,104
2025-08-27,2025-09-26,6463.7,20.7,23.5,3,1,6260.0,False,176
2025-08-28,2025-09-29,6491.8,12.9,34.7,4,2,6275.0,False,99
2025-08-29,2025-09-29,6486.5,-27.6,36.8,4,1,6250.0,False,101
2025-09-02,2025-10-02,6373.7,34.6,46.1,5,3,6150.0,False,99
2025-09-03,2025-10-03,6441.0,-4.7,35.8,4,3,6190.0,False,148
2025-09-04,2025-10-06,6460.4,30.9,44.2,2,1,6225.0,False,99
2025-09-05,2025-10-06,6526.0,-47.8,80.6,6,4,6310.0,False,104
2025-09-08,2025-10-08,6497.1,-2.2,23.1,3,2,6275.0,False,101
2025-09-09,2025-10-09,6502.4,7.1,24.3,2,2,6275.0,False,97
2025-09-10,2025-10-10,6544.0,-15.4,36.5,7,1,6340.0,False,139
2025-09-11,2025-10-13,6555.6,34.4,42.1,1,1,6350.0,False,99
2025-09-12,2025-10-13,6586.2,1.7,16.5,2,2,6390.0,False,103
2025-09-15,2025-10-15,6607.5,5.0,15.3,2,2,6400.0,False,101
2025-09-16,2025-10-16,6622.0,-10.3,19.0,2,1,6375.0,False,99
2025-09-17,2025-10-17,6608.6,-5.4,67.4,8,6,6370.0,True,366
2025-09-18,2025-10-20,6629.2,0.8,36.6,5,4,6400.0,False,99
2025-09-19,2025-10-20,6642.3,22.0,31.9,2,2,6425.0,False,99
2025-09-22,2025-10-22,6653.9,43.9,47.8,1,1,6425.0,False,104
2025-09-23,2025-10-23,6695.8,-40.3,50.7,1,1,6450.0,False,104
2025-09-24,2025-10-24,6667.1,-31.4,41.5,3,2,6410.0,False,158
2025-09-25,2025-10-27,6595.2,2.8,48.5,6,6,6325.0,False,106
2025-09-26,2025-10-27,6634.8,8.2,36.9,7,2,6400.0,False,107
2025-09-29,2025-10-29,6667.9,-6.8,28.5,5,1,6450.0,False,100
2025-09-30,2025-10-30,6649.6,34.9,41.4,7,5,6425.0,False,102
2025-10-01,2025-10-31,6671.2,44.2,59.9,2,2,6415.0,True,421
2025-10-02,2025-11-03,6728.3,-10.1,33.2,2,2,6475.0,False,102
2025-10-03,2025-11-03,6730.8,-7.2,44.4,4,3,6475.0,False,102
2025-10-06,2025-11-05,6735.2,7.6,29.3,2,2,6475.0,False,98
2025-10-07,2025-11-06,6753.6,-36.8,53.1,4,2,6500.0,False,97
2025-10-08,2025-11-07,6724.3,28.4,33.8,1,1,6470.0,False,182
2025-10-09,2025-11-10,6757.1,-23.1,40.8,6,2,6500.0,False,101
2025-10-10,2025-11-10,6748.0,-165.6,194.1,13,8,6500.0,False,101
2025-10-13,2025-11-12,6629.6,23.3,43.3,9,4,6350.0,False,119
2025-10-14,2025-11-13,6580.1,57.1,118.8,5,3,6275.0,False,118
2025-10-15,2025-11-14,6689.4,-20.5,100.6,6,4,6410.0,False,189
2025-10-16,2025-11-17,6692.6,-68.0,112.0,12,7,6375.0,False,101
2025-10-17,2025-11-17,6624.7,44.4,70.2,10,6,6275.0,False,102
2025-10-20,2025-11-19,6706.6,34.5,37.2,3,1,6425.0,False,103
2025-10-21,2025-11-20,6738.2,4.1,26.3,4,3,6450.0,False,109
2025-10-22,2025-11-21,6729.4,-28.1,84.5,9,6,6455.0,True,391
2025-10-23,2025-11-24,6707.1,34.5,44.9,5,3,6450.0,False,102
2025-10-24,2025-11-24,6789.7,9.4,17.7,5,1,6550.0,False,102
2025-10-27,2025-11-26,6849.4,23.5,24.3,1,1,6620.0,False,109
2025-10-28,2025-11-28,6890.5,6.4,36.7,3,2,6630.0,True,435
2025-10-29,2025-11-28,6912.2,-27.9,63.0,8,2,6660.0,True,436
2025-10-30,2025-12-01,6851.9,-23.6,47.8,11,6,6600.0,False,101
2025-10-31,2025-12-01,6863.0,-5.9,52.3,7,4,6600.0,False,106
2025-11-03,2025-12-03,6868.8,-20.9,44.5,3,3,6575.0,False,107
2025-11-04,2025-12-04,6768.8,6.2,49.4,7,4,6525.0,False,103
2025-11-05,2025-12-05,6766.3,43.9,64.0,2,2,6510.0,False,210
2025-11-06,2025-12-08,6793.2,-69.5,81.2,9,7,6475.0,False,111
2025-11-07,2025-12-08,6681.6,24.9,84.4,13,6,6375.0,False,115
2025-11-10,2025-12-10,6799.2,40.5,64.0,3,2,6525.0,False,108
2025-11-11,2025-12-11,6820.2,28.2,44.9,4,2,6575.0,False,111
2025-11-12,2025-12-12,6861.6,-9.1,35.0,6,2,6595.0,True,200
2025-11-13,2025-12-15,6819.4,-85.2,93.2,11,7,6525.0,False,101
2025-11-14,2025-12-15,6651.3,77.9,121.0,8,6,6375.0,False,113
2025-11-17,2025-12-17,6726.2,-61.4,109.3,9,5,6425.0,False,113
2025-11-18,2025-12-18,6644.6,-20.2,80.8,11,9,6225.0,False,107
2025-11-19,2025-12-19,6630.2,6.0,76.1,12,8,6330.0,True,396
2025-11-20,2025-12-22,6748.9,-214.9,233.9,12,8,6475.0,False,106
2025-11-21,2025-12-22,6567.6,51.3,130.3,17,8,6175.0,False,116
2025-11-24,2025-12-24,6664.9,38.1,73.5,6,2,6325.0,False,110
2025-11-25,2025-12-26,6709.6,59.4,104.6,10,4,6390.0,False,222
2025-11-26,2025-12-26,6798.4,23.0,41.2,5,4,6515.0,True,224
2025-12-01,2025-12-31,6809.8,8.6,37.7,6,4,6560.0,True,551
2025-12-02,2026-01-02,6833.7,4.2,35.5,8,6,6580.0,False,175
2025-12-03,2026-01-02,6818.7,38.1,43.2,5,1,6570.0,False,174
2025-12-04,2026-01-05,6851.8,-8.1,28.2,6,4,6600.0,False,104
2025-12-05,2026-01-05,6873.6,-11.3,32.7,4,4,6650.0,False,103
2025-12-08,2026-01-07,6873.4,-36.9,42.9,3,1,6625.0,False,103
2025-12-09,2026-01-08,6846.4,-1.3,21.9,2,2,6600.0,False,103
2025-12-10,2026-01-09,6832.7,61.3,68.1,11,3,6590.0,False,175
2025-12-11,2026-01-12,6857.2,36.8,64.8,6,4,6575.0,False,106
2025-12-12,2026-01-12,6895.6,-71.8,92.8,10,3,6650.0,False,107
2025-12-15,2026-01-14,6847.7,-27.2,41.0,9,4,6600.0,False,110
2025-12-16,2026-01-15,6804.2,2.6,53.8,9,7,6575.0,False,110
2025-12-17,2026-01-16,6806.4,-68.2,75.3,7,3,6560.0,True,408
2025-12-18,2026-01-20,6786.6,5.5,51.8,10,8,6550.0,False,111
2025-12-19,2026-01-20,6811.0,18.0,29.2,4,1,6590.0,False,110
2025-12-22,2026-01-21,6865.5,11.0,23.6,2,1,6660.0,False,111
2025-12-23,2026-01-22,6880.3,27.6,34.3,2,1,6675.0,True,111
2025-12-26,2026-01-26,6938.5,-7.6,21.3,3,1,6725.0,False,107
2025-12-29,2026-01-28,6907.8,-0.3,26.0,4,2,6675.0,False,102
2025-12-30,2026-01-29,6900.8,1.5,15.5,4,1,6700.0,False,103
2025-12-31,2026-01-30,6895.2,-40.1,40.8,3,3,6665.0,True,434
