date,bar,delta_target,expiration,dte,spx_open,vol_trigger,iv_atm,year,status,strike,delta_k,delta_kp5,delta_avg,mid_k,mid_kp5,gap,required_move,gap_smooth,required_move_smooth,rel_spread_k,quality_ok,required_move_delta_k_only,iv_k,iv_kp5,native_spacing,underlying_price
2024-02-12,10:00,0.15,2024-03-13,30,5026.83,4945.0,0.1179,2024,ok,4850.0,0.15230000000000002,0.15695000000000003,0.154625,16.25,16.75,0.5,3.2336297493936943,0.5033950617283923,3.255586494605609,0.018461538461538286,True,3.2829940906106363,0.1421,0.1411,10.0,5028.24
2024-02-12,10:00,0.2,2024-03-13,30,5026.83,4945.0,0.1179,2024,ok,4890.0,0.1942,0.20025,0.197225,20.950000000000003,21.650000000000002,0.6999999999999993,3.5492457852706263,0.6989051094890641,3.5436943059402415,0.014319809069212442,True,3.604531410916577,0.135,0.1341,10.0,5028.24
2024-02-12,10:00,0.25,2024-03-13,30,5026.83,4945.0,0.1179,2024,ok,4930.0,0.2484,0.2564,0.2524,27.450000000000003,28.475,1.0249999999999986,4.061014263074479,0.9745293466223641,3.8610512940664186,0.010928961748633904,True,4.126409017713359,0.1285,0.1278,10.0,5028.24
2024-02-12,13:00,0.15,2024-03-13,30,5026.83,4945.0,0.1178,2024,ok,4870.0,0.15380000000000002,0.1584,0.15610000000000002,16.35,16.85,0.5,3.2030749519538753,0.5060354374307727,3.2417388688710616,0.018348623853211052,True,3.2509752925877757,0.1408,0.1398,5.0,5045.86
2024-02-12,13:00,0.2,2024-03-13,30,5026.83,4945.0,0.1178,2024,ok,4910.0,0.19770000000000001,0.20400000000000001,0.20085000000000003,21.450000000000003,22.200000000000003,0.75,3.73412994772218,0.7242961418143936,3.606154552225011,0.051282051282051176,True,3.793626707132018,0.1345,0.13375,10.0,5045.86
2024-02-12,13:00,0.25,2024-03-13,30,5026.83,4945.0,0.1178,2024,ok,4950.0,0.2519,0.25985,0.255875,27.85,28.85,1.0,3.9081582804103565,0.9959876543209891,3.8924773984210614,0.010771992818671479,True,3.969829297340214,0.12760000000000002,0.12680000000000002,10.0,5045.86
2024-02-14,10:00,0.15,2024-03-15,30,4976.4400000000005,4945.0,0.12340000000000001,2024,ok,4785.0,0.14830000000000002,0.15230000000000002,0.15030000000000002,16.9,17.35,0.45000000000000284,2.994011976047923,0.46785714285713453,3.1128219750973685,0.011834319526627177,True,3.0343897505057504,0.154,0.153,5.0,4981.150000000001
2024-02-14,10:00,0.2,2024-03-15,30,4976.4400000000005,4945.0,0.12340000000000001,2024,ok,4840.0,0.202,0.20850000000000002,0.20525000000000002,23.25,24.15,0.8999999999999986,4.384896467722283,0.7107142857143066,3.4626761788760367,0.012903225806451644,True,4.455445544554448,0.1436,0.1431,5.0,4981.150000000001
2024-02-14,10:00,0.25,2024-03-15,30,4976.4400000000005,4945.0,0.12340000000000001,2024,ok,4875.0,0.24810000000000001,0.2541,0.2511,29.25,29.8,0.5500000000000007,2.1903624054161717,0.9170329670329516,3.6520627918476767,0.07179487179487185,True,2.2168480451430903,0.13820000000000002,0.1365,5.0,4981.150000000001
2024-02-14,13:00,0.15,2024-03-15,30,4976.4400000000005,4945.0,0.1237,2024,ok,4770.0,0.14800000000000002,0.1521,0.15005000000000002,17.5,18.0,0.5,3.3322225924691766,0.4442307692307673,2.960551611001448,0.011428571428571389,True,3.378378378378378,0.15990000000000001,0.159,5.0,4974.06
2024-02-14,13:00,0.2,2024-03-15,30,4976.4400000000005,4945.0,0.1237,2024,ok,4825.0,0.1983,0.20370000000000002,0.201,23.5,24.15,0.6499999999999986,3.233830845771137,0.6598901098900823,3.283035372587474,0.00851063829787231,True,3.2778618255168865,0.1486,0.1476,5.0,4974.06
2024-02-14,13:00,0.25,2024-03-15,30,4976.4400000000005,4945.0,0.1237,2024,ok,4865.0,0.24700000000000003,0.2539,0.25045,29.6,30.5,0.8999999999999986,3.5935316430425175,0.8892857142856998,3.5507515044348166,0.006756756756756733,True,3.6437246963562693,0.1409,0.14,5.0,4974.06
2024-02-22,10:00,0.15,2024-03-25,32,5038.83,5000.0,0.12290000000000001,2024,ok,4860.0,0.14700000000000002,0.15115,0.149075,17.1,17.6,0.5,3.3540164346805295,0.47382690302395697,3.1784464398722583,0.15204678362573107,False,3.4013605442176864,0.15,0.1491,10.0,5060.51
2024-02-22,10:00,0.2,2024-03-25,32,5038.83,5000.0,0.12290000000000001,2024,ok,4920.0,0.203,0.21100000000000002,0.20700000000000002,23.65,24.950000000000003,1.3000000000000043,6.280193236714996,0.702602436323379,3.394214668228884,0.07188160676532766,True,6.4039408866995275,0.13820000000000002,0.13870000000000002,5.0,5060.51
2024-02-22,10:00,0.25,2024-03-25,32,5038.83,5000.0,0.12290000000000001,2024,ok,4960.0,0.2569,0.26445,0.260675,30.95,32.0,1.0500000000000007,4.028004219813948,1.0625651720542524,4.076206663677961,0.11954765751211618,True,4.087193460490465,0.133,0.1323,10.0,5060.51
2024-02-22,13:00,0.15,2024-03-25,32,5038.83,5000.0,0.12090000000000001,2024,ok,4880.0,0.1492,0.15345,0.151325,17.1,17.6,0.5,3.3041467041136627,0.4790143964562553,3.165467678547863,0.0233918128654972,True,3.351206434316354,0.1469,0.14600000000000002,10.0,5074.66
2024-02-22,13:00,0.2,2024-03-25,32,5038.83,5000.0,0.12090000000000001,2024,ok,4930.0,0.19740000000000002,0.20320000000000002,0.20030000000000003,22.85,23.575000000000003,0.7250000000000014,3.6195706440339555,0.697619047619044,3.482870931697673,0.01312910284463898,True,3.6727456940222964,0.138,0.13715,10.0,5074.66
2024-02-22,13:00,0.25,2024-03-25,32,5038.83,5000.0,0.12090000000000001,2024,ok,4970.0,0.24830000000000002,0.25570000000000004,0.252,29.35,30.35,1.0,3.9682539682539684,0.9628460686600492,3.820817732777973,0.017035775127768313,True,4.027386226339106,0.1316,0.13090000000000002,5.0,5074.66
2024-02-26,10:00,0.15,2024-03-27,30,5093.0,5070.0,0.12010000000000001,2024,ok,4910.0,0.15330000000000002,0.1578,0.15555000000000002,16.9,17.4,0.5,3.214400514304082,0.49004171011470526,3.150380650046321,0.15384615384615383,False,3.261578604044357,0.1446,0.14365,10.0,5093.2
2024-02-26,10:00,0.2,2024-03-27,30,5093.0,5070.0,0.12010000000000001,2024,ok,4950.0,0.19390000000000002,0.2008,0.19735000000000003,21.6,22.55,0.9499999999999993,4.813782619711168,0.6873456790123458,3.4828765088033733,0.027777777777777842,True,4.8994326972666284,0.1376,0.1373,10.0,5093.2
2024-02-26,10:00,0.25,2024-03-27,30,5093.0,5070.0,0.12010000000000001,2024,ok,4990.0,0.2467,0.2542,0.25045,28.2,29.150000000000002,0.9500000000000028,3.7931722898782305,0.9309176225234289,3.7169799262265077,0.10638297872340426,True,3.850830968788013,0.13140000000000002,0.13060000000000002,10.0,5093.2
2024-02-26,13:00,0.15,2024-03-27,30,5093.0,5070.0,0.1184,2024,ok,4900.0,0.1512,0.1557,0.15345,16.4,16.9,0.5,3.258390355164549,0.48765432098764633,3.1779362723209275,0.024390243902439157,True,3.306878306878307,0.1432,0.14225000000000002,10.0,5082.67
2024-02-26,13:00,0.2,2024-03-27,30,5093.0,5070.0,0.1184,2024,ok,4950.0,0.2034,0.2097,0.20655,22.35,23.1,0.75,3.6310820624546114,0.7308641975308654,3.5384371703261457,0.01342281879194634,True,3.6873156342182893,0.1342,0.13335,10.0,5082.67
2024-02-26,13:00,0.25,2024-03-27,30,5093.0,5070.0,0.1184,2024,ok,4980.0,0.2441,0.2518,0.24795,27.3,28.3,1.0,4.033071183706392,0.9468992248061598,3.8189119774396443,0.0146520146520146,True,4.096681687832855,0.12940000000000002,0.1287,10.0,5082.67
2024-02-28,10:00,0.15,2024-04-01,33,5067.2,5065.0,0.114,2024,ok,4875.0,0.1484,0.1525,0.15045,16.4,16.85,0.45000000000000284,2.9910269192422922,0.4714285714285901,3.1334567725396485,0.024390243902439157,True,3.032345013477108,0.14,0.139,5.0,5062.47
2024-02-28,10:00,0.2,2024-04-01,33,5067.2,5065.0,0.114,2024,ok,4925.0,0.1981,0.20400000000000001,0.20105,22.1,22.8,0.6999999999999993,3.4817209649340923,0.6978571428571083,3.471062635449432,0.018099547511312153,True,3.533568904593636,0.1311,0.1303,5.0,5062.47
2024-02-28,10:00,0.25,2024-04-01,33,5067.2,5065.0,0.114,2024,ok,4960.0,0.2441,0.2516,0.24785000000000001,27.75,28.725,0.9750000000000014,3.9338309461367817,0.9290928050052388,3.7486092596539793,0.018018018018018018,True,3.9942646456370396,0.1257,0.12495,10.0,5062.47
2024-02-28,13:00,0.15,2024-04-01,33,5067.2,5065.0,0.11230000000000001,2024,ok,4880.0,0.1466,0.1508,0.1487,16.05,16.500000000000004,0.45000000000000284,3.0262273032952445,0.46090808416389717,3.099583619125065,0.01869158878504666,True,3.0695770804911517,0.139,0.138,10.0,5067.76
2024-02-28,13:00,0.2,2024-04-01,33,5067.2,5065.0,0.11230000000000001,2024,ok,4930.0,0.19590000000000002,0.20185000000000003,0.19887500000000002,21.6,22.3,0.6999999999999993,3.519798868636074,0.6862126245847142,3.450472028081529,0.01851851851851845,True,3.5732516590096948,0.12990000000000002,0.12905,10.0,5067.76
2024-02-28,13:00,0.25,2024-04-01,33,5067.2,5065.0,0.11230000000000001,2024,ok,4970.0,0.24880000000000002,0.2566,0.25270000000000004,28.0,29.0,1.0,3.957261574990106,0.9487264673311453,3.754358794345648,0.014285714285714235,True,4.019292604501607,0.12350000000000001,0.1228,5.0,5067.76
2024-03-13,10:00,0.15,2024-04-12,30,5173.49,5095.0,0.11960000000000001,2024,ok,4975.0,0.14800000000000002,0.1524,0.1502,16.549999999999997,17.049999999999997,0.5,3.3288948069241013,0.5041208791208611,3.3563307531348943,0.018126888217522705,True,3.378378378378378,0.1434,0.14250000000000002,5.0,5166.38
2024-03-13,10:00,0.2,2024-04-12,30,5173.49,5095.0,0.11960000000000001,2024,ok,5025.0,0.1991,0.20470000000000002,0.20190000000000002,22.75,23.4,0.6499999999999986,3.2194155522535834,0.7491758241758084,3.710628153421537,0.013186813186813218,True,3.2646911099949705,0.13570000000000002,0.13470000000000001,5.0,5166.38
2024-03-13,10:00,0.25,2024-04-12,30,5173.49,5095.0,0.11960000000000001,2024,ok,5065.0,0.2521,0.2599,0.256,29.6,30.700000000000003,1.1000000000000014,4.296875000000005,1.0153846153846262,3.966346153846196,0.013513513513513466,True,4.363347877826265,0.12990000000000002,0.12940000000000002,5.0,5166.38
2024-03-13,13:00,0.15,2024-04-12,30,5173.49,5095.0,0.1174,2024,ok,4985.0,0.15130000000000002,0.1557,0.15350000000000003,16.75,17.25,0.5,3.2573289902280127,0.5085164835164959,3.312810967534175,0.01791044776119386,True,3.3046926635822866,0.14120000000000002,0.1403,5.0,5170.56
2024-03-13,13:00,0.2,2024-04-12,30,5173.49,5095.0,0.1174,2024,ok,5030.0,0.1976,0.2036,0.2006,22.25,23.0,0.75,3.7387836490528414,0.7288461538461484,3.6333307769000416,0.013483146067415762,True,3.7955465587044537,0.134,0.1332,5.0,5170.56
2024-03-13,13:00,0.25,2024-04-12,30,5173.49,5095.0,0.1174,2024,ok,5070.0,0.251,0.2585,0.25475000000000003,29.05,30.05,1.0,3.9254170755642783,0.9997252747252694,3.9243386642797615,0.010327022375215048,True,3.9840637450199203,0.1282,0.1275,5.0,5170.56
2024-04-30,10:00,0.15,2024-05-30,30,5103.78,5095.0,0.13470000000000001,2024,ok,4900.0,0.1524,0.15685,0.154625,18.900000000000002,19.525,0.6249999999999964,4.042037186742094,0.5802469135802371,3.752607363493853,0.05291005291005291,True,4.10104986876638,0.1595,0.15889999999999999,10.0,5107.64
2024-04-30,10:00,0.2,2024-05-30,30,5103.78,5095.0,0.13470000000000001,2024,ok,4950.0,0.2018,0.2073,0.20455,25.9,26.675,0.7750000000000021,3.7888046932290496,0.8117283950617298,3.968361745596332,0.015444015444015528,True,3.8404360753221116,0.15330000000000002,0.15250000000000002,10.0,5107.64
2024-04-30,10:00,0.25,2024-05-30,30,5103.78,5095.0,0.13470000000000001,2024,ok,4990.0,0.2503,0.2571,0.25370000000000004,33.1,34.15,1.0499999999999972,4.138746551044529,1.0385818561000695,4.093740071344381,0.036253776435045404,True,4.194966040751087,0.14800000000000002,0.1474,10.0,5107.64
2024-04-30,13:00,0.15,2024-05-30,30,5103.78,5095.0,0.1404,2024,ok,4850.0,0.15030000000000002,0.1545,0.1524,19.3,19.9,0.5999999999999979,3.937007874015734,0.5859756097560957,3.84498431598488,0.020725388601036194,True,3.992015968063858,0.1668,0.16615000000000002,10.0,5068.11
2024-04-30,13:00,0.2,2024-05-30,30,5103.78,5095.0,0.1404,2024,ok,4900.0,0.1967,0.2023,0.1995,26.0,26.875,0.875,4.385964912280701,0.7888888888888762,3.95433027011968,0.01538461538461533,True,4.448398576512456,0.16010000000000002,0.15960000000000002,10.0,5068.11
2024-04-30,13:00,0.25,2024-05-30,30,5103.78,5095.0,0.1404,2024,ok,4950.0,0.2559,0.26270000000000004,0.25930000000000003,35.2,36.325,1.125,4.338603933667566,1.0645061728395078,4.105307261239906,0.011363636363636322,True,4.396248534583822,0.1539,0.15335000000000001,10.0,5068.11
2024-05-08,10:00,0.15,2024-06-07,30,5168.9800000000005,5165.0,0.12290000000000001,2024,ok,4990.0,0.1506,0.1554,0.15300000000000002,17.0,17.6,0.6000000000000014,3.921568627450989,0.5664835164835451,3.702506643683301,0.0235294117647058,True,3.9840637450199297,0.1438,0.1432,5.0,5180.18
2024-05-08,10:00,0.2,2024-06-07,30,5168.9800000000005,5165.0,0.12290000000000001,2024,ok,5035.0,0.19790000000000002,0.20400000000000001,0.20095000000000002,23.0,23.8,0.8000000000000007,3.981089823339142,0.7832417582417712,3.8976947411882117,0.017391304347826025,True,4.042445679636183,0.1379,0.1373,5.0,5180.18
2024-05-08,10:00,0.25,2024-06-07,30,5168.9800000000005,5165.0,0.12290000000000001,2024,ok,5075.0,0.2509,0.2585,0.25470000000000004,30.200000000000003,31.3,1.0999999999999979,4.318806438947773,1.042307692307695,4.0922956117302505,0.01324503311258285,True,4.384216819449971,0.133,0.1325,5.0,5180.18
2024-05-08,13:00,0.15,2024-06-07,30,5168.9800000000005,5165.0,0.1228,2024,ok,4990.0,0.1497,0.1544,0.15205000000000002,16.85,17.450000000000003,0.6000000000000014,3.946070371588302,0.5637362637362922,3.7075716128661105,0.017804154302670665,True,4.008016032064138,0.1436,0.14300000000000002,5.0,5180.83
2024-05-08,13:00,0.2,2024-06-07,30,5168.9800000000005,5165.0,0.1228,2024,ok,5040.0,0.203,0.2091,0.20605,23.65,24.450000000000003,0.8000000000000043,3.8825527784518528,0.8104395604395175,3.9332179589396623,0.012684989429175507,True,3.94088669950741,0.13720000000000002,0.1366,5.0,5180.83
2024-05-08,13:00,0.25,2024-06-07,30,5168.9800000000005,5165.0,0.1228,2024,ok,5075.0,0.2499,0.2574,0.25365000000000004,30.05,31.1,1.0500000000000007,4.139562389118867,1.0406593406593443,4.10273739664634,0.009983361064891751,True,4.20168067226891,0.133,0.13240000000000002,5.0,5180.83
2024-05-13,10:00,0.15,2024-06-12,30,5233.08,5195.0,0.12390000000000001,2024,ok,5040.0,0.1544,0.15910000000000002,0.15675,17.85,18.45,0.5999999999999979,3.827751196172235,0.5827945776851028,3.7179877364280878,0.016806722689075668,True,3.8860103626942863,0.14500000000000002,0.1443,10.0,5230.37
2024-05-13,10:00,0.2,2024-06-12,30,5233.08,5195.0,0.12390000000000001,2024,ok,5080.0,0.1957,0.20155,0.198625,23.200000000000003,23.975,0.7749999999999986,3.9018250471994893,0.769269102990038,3.8729721988170573,0.017241379310344918,True,3.9601430761369367,0.13970000000000002,0.13905,10.0,5230.37
2024-05-13,10:00,0.25,2024-06-12,30,5233.08,5195.0,0.12390000000000001,2024,ok,5120.0,0.24710000000000001,0.2541,0.2506,30.3,31.3,1.0,3.990422984836393,1.0184939091915899,4.0642215051539905,0.013201320132013155,True,4.046944556859571,0.13490000000000002,0.1342,5.0,5230.37
2024-05-13,13:00,0.15,2024-06-12,30,5233.08,5195.0,0.12560000000000002,2024,ok,5030.0,0.1509,0.1555,0.1532,17.35,17.925,0.5749999999999993,3.7532637075717967,0.5531007751937921,3.6103183759385904,0.04034582132564837,True,3.8104705102716983,0.1452,0.1445,10.0,5223.62
2024-05-13,13:00,0.2,2024-06-12,30,5233.08,5195.0,0.12560000000000002,2024,ok,5080.0,0.2026,0.2091,0.20585,24.0,24.925,0.9250000000000007,4.49356327422881,0.8174972314507246,3.9713249038169764,0.02500000000000006,True,4.565646594274436,0.1384,0.13799999999999998,10.0,5223.62
2024-05-13,13:00,0.25,2024-06-12,30,5233.08,5195.0,0.12560000000000002,2024,ok,5120.0,0.256,0.2634,0.25970000000000004,31.450000000000003,32.5,1.0499999999999972,4.043126684636107,1.1122923588039948,4.282989444759317,0.02225755166931635,True,4.1015624999999885,0.1337,0.1331,5.0,5223.62
2024-06-06,10:00,0.15,2024-07-08,32,5357.8,5325.0,0.1096,2024,ok,5160.0,0.1464,0.15095,0.148675,16.3,16.85,0.5500000000000007,3.6993442071632803,0.5114181438998903,3.439839541953188,0.024539877300613407,True,3.756830601092901,0.134,0.13335000000000002,10.0,5350.74
2024-06-06,10:00,0.2,2024-07-08,32,5357.8,5325.0,0.1096,2024,ok,5210.0,0.1973,0.2033,0.2003,22.5,23.25,0.75,3.744383424862706,0.7400417101147044,3.694666550747401,0.017777777777777715,True,3.801317790167258,0.12710000000000002,0.1264,10.0,5350.74
2024-06-06,10:00,0.25,2024-07-08,32,5357.8,5325.0,0.1096,2024,ok,5250.0,0.2499,0.25745,0.253675,29.3,30.325000000000003,1.0250000000000021,4.04060313393122,0.9777777777777792,3.854450686026527,0.013651877133105754,True,4.101640656262513,0.1217,0.12110000000000001,10.0,5350.74
2024-06-06,13:00,0.15,2024-07-08,32,5357.8,5325.0,0.11030000000000001,2024,ok,5160.0,0.154,0.1588,0.15639999999999998,17.200000000000003,17.775000000000002,0.5749999999999993,3.67647058823529,0.5504171011470221,3.519290928050014,0.023255813953488493,True,3.733766233766229,0.133,0.1323,10.0,5342.14
2024-06-06,13:00,0.2,2024-07-08,32,5357.8,5325.0,0.11030000000000001,2024,ok,5200.0,0.19590000000000002,0.20195000000000002,0.19892500000000002,22.35,23.125,0.7749999999999986,3.895940681161234,0.7395061728395279,3.717512493852094,0.022371364653243846,True,3.9561000510464446,0.12760000000000002,0.12695,10.0,5342.14
2024-06-06,13:00,0.25,2024-07-08,32,5357.8,5325.0,0.11030000000000001,2024,ok,5240.0,0.24810000000000001,0.25565,0.251875,29.1,30.125,1.0249999999999986,4.06947890818858,0.9754431699687198,3.872727225682262,0.020618556701030976,True,4.131398629584839,0.1222,0.12160000000000001,10.0,5342.14
2024-07-05,10:00,0.15,2024-08-05,31,5537.91,5510.0,0.1027,2024,ok,5360.0,0.14650000000000002,0.15095,0.148725,15.95,16.45,0.5,3.3619095646327115,0.4818561001042857,3.2399132634344308,0.031347962382445034,True,3.41296928327645,0.1285,0.1277,10.0,5546.31
2024-07-05,10:00,0.2,2024-08-05,31,5537.91,5510.0,0.1027,2024,ok,5410.0,0.19690000000000002,0.203,0.19995000000000002,21.75,22.475,0.7250000000000014,3.6259064766191615,0.6941605839416276,3.4716708374174923,0.022988505747126436,True,3.6820721178263147,0.1208,0.12005,10.0,5546.31
2024-07-05,10:00,0.25,2024-08-05,31,5537.91,5510.0,0.1027,2024,ok,5450.0,0.25,0.25775000000000003,0.253875,28.200000000000003,29.200000000000003,1.0,3.9389463318562283,0.9453703703703776,3.723763152615963,0.021276595744680774,True,4.0,0.1149,0.11425,10.0,5546.31
2024-07-05,13:00,0.15,2024-08-05,31,5537.91,5510.0,0.1029,2024,ok,5375.0,0.1515,0.156,0.15375,16.450000000000003,16.950000000000003,0.5,3.252032520325203,0.4978571428571105,3.2380952380950276,0.01823708206686934,True,3.3003300330033003,0.127,0.12610000000000002,5.0,5554.86
2024-07-05,13:00,0.2,2024-08-05,31,5537.91,5510.0,0.1029,2024,ok,5420.0,0.198,0.20400000000000001,0.201,21.8,22.5,0.6999999999999993,3.482587064676613,0.7038759689922394,3.501870492498703,0.018348623853210944,True,3.5353535353535315,0.12010000000000001,0.1193,5.0,5554.86
2024-07-05,13:00,0.25,2024-08-05,31,5537.91,5510.0,0.1029,2024,ok,5460.0,0.2515,0.25925000000000004,0.255375,28.3,29.275,0.9749999999999979,3.8179148311306816,0.9486965589155215,3.7149155513089434,0.014134275618374508,True,3.876739562624246,0.11420000000000001,0.1135,10.0,5554.86
2024-08-27,10:00,0.15,2024-09-26,30,5602.89,5595.0,0.1338,2024,ok,5350.0,0.151,0.1544,0.1527,23.15,23.689999999999998,0.5399999999999991,3.5363457760314287,0.4550000000000073,2.9796987557302375,0.3066954643628509,False,3.5761589403973453,0.1794,0.17858000000000002,25.0,5609.49
2024-08-27,10:00,0.2,2024-09-26,30,5602.89,5595.0,0.1338,2024,ok,5420.0,0.20170000000000002,0.2061,0.20390000000000003,30.950000000000003,31.650000000000002,0.6999999999999993,3.433055419323194,0.6657142857142875,3.2649057661318657,0.2681744749596123,False,3.470500743678727,0.1666,0.16570000000000001,5.0,5609.49
2024-08-27,10:00,0.25,2024-09-26,30,5602.89,5595.0,0.1338,2024,ok,5470.0,0.249,0.2544,0.25170000000000003,38.45,39.35,0.8999999999999986,3.575685339690101,0.853709856035409,3.3917753517497373,0.21586475942782826,False,3.6144578313252955,0.1575,0.15660000000000002,5.0,5609.49
2024-08-27,13:00,0.15,2024-09-26,30,5602.89,5595.0,0.12890000000000001,2024,ok,5375.0,0.1542,0.15766,0.15593,22.65,23.15,0.5,3.206567049317001,0.4699999999999961,3.014173026357956,0.013245033112582814,True,3.2425421530479897,0.1708,0.16988,25.0,5618.400000000001
2024-08-27,13:00,0.2,2024-09-26,30,5602.89,5595.0,0.12890000000000001,2024,ok,5440.0,0.20370000000000002,0.20825000000000002,0.20597500000000002,29.9,30.575,0.6750000000000007,3.2770967350406632,0.6637122002085307,3.2222949397185614,0.013377926421404755,True,3.313696612665688,0.1587,0.1578,10.0,5618.400000000001
2024-08-27,13:00,0.25,2024-09-26,30,5602.89,5595.0,0.12890000000000001,2024,ok,5490.0,0.254,0.25975000000000004,0.256875,37.6,38.50000000000001,0.9000000000000057,3.5036496350365183,0.8925443169968966,3.474625078333417,0.010638297872340576,True,3.5433070866141954,0.1499,0.14900000000000002,10.0,5618.400000000001
2024-08-29,10:00,0.15,2024-09-30,32,5607.3,5595.0,0.1227,2024,ok,5370.0,0.1491,0.1524,0.15075,22.05,22.55,0.5,3.316749585406302,0.43983516483515694,2.9176462012282385,0.04081632653061218,True,3.3534540576794094,0.16790000000000002,0.1671,5.0,5621.67
2024-08-29,10:00,0.2,2024-09-30,32,5607.3,5595.0,0.1227,2024,ok,5440.0,0.19990000000000002,0.20420000000000002,0.20205,29.400000000000002,30.0,0.5999999999999979,2.969561989606522,0.6296703296703494,3.1164084616201406,0.03401360544217687,True,3.0015007503751767,0.1547,0.1537,5.0,5621.67
2024-08-29,10:00,0.25,2024-09-30,32,5607.3,5595.0,0.1227,2024,ok,5490.0,0.24810000000000001,0.2536,0.25085,36.55,37.400000000000006,0.8500000000000085,3.3884791708192483,0.8214285714285845,3.2745807112959318,0.03009575923392617,True,3.426037887948442,0.1454,0.14450000000000002,5.0,5621.67
2024-08-29,13:00,0.15,2024-09-30,32,5607.3,5595.0,0.12140000000000001,2024,ok,5395.0,0.1506,0.15380000000000002,0.1522,22.05,22.5,0.4499999999999993,2.9566360052562373,0.439285714285707,2.88623990989295,0.01360544217687062,True,2.9880478087649354,0.1652,0.1643,5.0,5641.71
2024-08-29,13:00,0.2,2024-09-30,32,5607.3,5595.0,0.12140000000000001,2024,ok,5460.0,0.198,0.2023,0.20015,28.8,29.4,0.5999999999999979,2.997751686235313,0.6129120879120785,3.062263741754077,0.01388888888888884,True,3.030303030303019,0.1529,0.152,5.0,5641.71
2024-08-29,13:00,0.25,2024-09-30,32,5607.3,5595.0,0.12140000000000001,2024,ok,5515.0,0.2516,0.2574,0.2545,36.65,37.55,0.8999999999999986,3.5363457760314287,0.8379120879120572,3.292385414192759,0.013642564802182811,True,3.5771065182829833,0.1427,0.1419,5.0,5641.71
2024-09-20,10:00,0.15,2024-10-21,31,5709.64,5615.0,0.1283,2024,ok,5425.0,0.1451,0.14828,0.14669,22.05,22.53,0.4800000000000004,3.2722066943895323,0.4499999999999818,3.0676937759900595,0.022675736961451247,True,3.30806340454859,0.17400000000000002,0.17314000000000002,25.0,5693.2
2024-09-20,10:00,0.2,2024-10-21,31,5709.64,5615.0,0.1283,2024,ok,5500.0,0.1986,0.20290000000000002,0.20075,30.25,30.925,0.6750000000000007,3.3623910336239136,0.6518518518518684,3.247082699137576,0.023140495867768573,True,3.3987915407855023,0.161,0.16015,10.0,5693.2
2024-09-20,10:00,0.25,2024-10-21,31,5709.64,5615.0,0.1283,2024,ok,5550.0,0.2457,0.251,0.24835000000000002,37.7,38.550000000000004,0.8500000000000014,3.4225890879806777,0.8416666666666726,3.3890342930004933,0.015915119363395264,True,3.4595034595034653,0.1524,0.15150000000000002,10.0,5693.2
2024-09-20,13:00,0.15,2024-10-21,31,5709.64,5615.0,0.12390000000000001,2024,ok,5450.0,0.1494,0.15255000000000002,0.15097500000000003,22.1,22.55,0.4499999999999993,2.9806259314455983,0.45914634146336786,3.041207759320204,0.018099547511312153,True,3.0120481927710796,0.1681,0.16715000000000002,10.0,5704.31
2024-09-20,13:00,0.2,2024-10-21,31,5709.64,5615.0,0.12390000000000001,2024,ok,5520.0,0.201,0.2054,0.2032,29.700000000000003,30.35,0.6499999999999986,3.1988188976377883,0.6446843853820495,3.172659376880165,0.013468013468013539,True,3.233830845771137,0.1555,0.15460000000000002,5.0,5704.31
2024-09-20,13:00,0.25,2024-10-21,31,5709.64,5615.0,0.12390000000000001,2024,ok,5570.0,0.24960000000000002,0.2551,0.25235,37.050000000000004,37.900000000000006,0.8500000000000014,3.3683376263126665,0.8363787375415392,3.3143599664812333,0.013495276653171389,True,3.4054487179487234,0.1464,0.14550000000000002,5.0,5704.31
2024-09-23,10:00,0.15,2024-10-23,30,5711.900000000001,5645.0,0.1264,2024,ok,5450.0,0.1492,0.1523,0.15075,22.45,22.900000000000002,0.45000000000000284,2.9850746268656905,0.45914634146336814,3.045746875378893,0.022271714922048998,True,3.0160857908847376,0.1736,0.17265000000000003,10.0,5709.77
2024-09-23,10:00,0.2,2024-10-23,30,5711.900000000001,5645.0,0.1264,2024,ok,5520.0,0.1996,0.20400000000000001,0.2018,29.95,30.650000000000002,0.7000000000000028,3.468780971258686,0.6385382059800558,3.1642131118932397,0.01669449081803005,True,3.5070140280561266,0.16060000000000002,0.1598,5.0,5709.77
2024-09-23,10:00,0.25,2024-10-23,30,5711.900000000001,5645.0,0.1264,2024,ok,5575.0,0.2524,0.2579,0.25515,38.050000000000004,38.95,0.8999999999999986,3.5273368606701885,0.8428571428571128,3.303378964754508,0.013140604467805517,True,3.5657686212361273,0.1505,0.1497,5.0,5709.77
2024-09-23,13:00,0.15,2024-10-23,30,5711.900000000001,5645.0,0.1252,2024,ok,5450.0,0.14800000000000002,0.15115000000000003,0.149575,22.05,22.5,0.4499999999999993,3.0085241517633246,0.4451219512194674,2.975911423830636,0.022675736961451247,True,3.0405405405405355,0.1723,0.17135,10.0,5708.93
2024-09-23,13:00,0.2,2024-10-23,30,5711.900000000001,5645.0,0.1252,2024,ok,5520.0,0.1983,0.2028,0.20055,29.4,30.1,0.7000000000000028,3.4904013961605727,0.6269656699889155,3.126231214105786,0.02040816326530605,True,3.530005042864361,0.15910000000000002,0.1583,5.0,5708.93
2024-09-23,13:00,0.25,2024-10-23,30,5711.900000000001,5645.0,0.1252,2024,ok,5575.0,0.2513,0.25680000000000003,0.25405,37.400000000000006,38.25,0.8499999999999943,3.3457980712457953,0.8399999999999694,3.3064357409957466,0.016042780748663138,True,3.3824114604058666,0.1489,0.1479,5.0,5708.93
2024-09-24,10:00,0.15,2024-10-24,30,5727.66,5670.0,0.12440000000000001,2024,ok,5450.0,0.1447,0.14778,0.14623999999999998,21.6,22.040000000000003,0.4400000000000013,3.0087527352297685,0.41999999999999527,2.8719912472647384,0.046296296296296294,True,3.040774015203879,0.1733,0.17234000000000002,25.0,5714.74
2024-09-24,10:00,0.2,2024-10-24,30,5727.66,5670.0,0.12440000000000001,2024,ok,5530.0,0.2013,0.20570000000000002,0.20350000000000001,29.75,30.4,0.6499999999999986,3.194103194103187,0.629549718574123,3.093610410683651,0.036974789915966436,True,3.2290114257327303,0.1578,0.15685000000000002,10.0,5714.74
2024-09-24,10:00,0.25,2024-10-24,30,5727.66,5670.0,0.12440000000000001,2024,ok,5580.0,0.2495,0.255,0.25225,36.95,37.775000000000006,0.8250000000000028,3.270564915758188,0.8163344407530361,3.236211856305396,0.029769959404600848,True,3.3066132264529173,0.14830000000000002,0.14730000000000001,10.0,5714.74
2024-09-24,13:00,0.15,2024-10-24,30,5727.66,5670.0,0.1232,2024,ok,5475.0,0.1507,0.15402,0.15236,22.200000000000003,22.680000000000003,0.4800000000000004,3.15043318456288,0.44499999999999595,2.9207140981884745,0.01801801801801811,True,3.1851360318513633,0.16920000000000002,0.16826000000000002,25.0,5726.91
2024-09-24,13:00,0.2,2024-10-24,30,5727.66,5670.0,0.1232,2024,ok,5540.0,0.1981,0.20240000000000002,0.20025,29.05,29.675,0.625,3.121098626716604,0.6383561643835627,3.187796076821786,0.01721170395869191,True,3.154972236244321,0.1569,0.15595,10.0,5726.91
2024-09-24,13:00,0.25,2024-10-24,30,5727.66,5670.0,0.1232,2024,ok,5590.0,0.24580000000000002,0.2513,0.24855000000000002,36.1,36.925000000000004,0.8250000000000028,3.319251659625841,0.8083941605839415,3.2524407989697908,0.011080332409972457,True,3.3563873067534695,0.1474,0.14650000000000002,10.0,5726.91
2024-10-09,10:00,0.15,2024-11-08,30,5751.8,5730.0,0.1685,2024,ok,5400.0,0.14800000000000002,0.15035,0.149175,30.3,30.775000000000002,0.4750000000000014,3.1841796547678993,0.4703703703703642,3.15314476534516,0.013201320132013155,True,3.2094594594594685,0.2331,0.23215000000000002,10.0,5754.77
2024-10-09,10:00,0.2,2024-11-08,30,5751.8,5730.0,0.1685,2024,ok,5490.0,0.197,0.20015000000000002,0.198575,40.400000000000006,41.050000000000004,0.6499999999999986,3.2733224222585853,0.6587069864442312,3.317169766809675,0.014851485148514884,True,3.299492385786795,0.2169,0.21595,10.0,5754.77
2024-10-09,10:00,0.25,2024-11-08,30,5751.8,5730.0,0.1685,2024,ok,5560.0,0.2467,0.25075000000000003,0.24872500000000003,50.900000000000006,51.775000000000006,0.875,3.517941501658458,0.8537999999999566,3.4327068047038156,0.015717092337917567,True,3.546817997567896,0.2043,0.20340000000000003,10.0,5754.77
2024-10-09,13:00,0.15,2024-11-08,30,5751.8,5730.0,0.1653,2024,ok,5430.0,0.1501,0.1524,0.15125,30.6,31.05,0.4499999999999993,2.9752066115702434,0.470985603543759,3.113954403595101,0.019607843137254947,True,2.998001332445032,0.23040000000000002,0.22940000000000002,10.0,5778.87
2024-10-09,13:00,0.2,2024-11-08,30,5751.8,5730.0,0.1653,2024,ok,5520.0,0.1996,0.2028,0.2012,40.650000000000006,41.3,0.6499999999999915,3.2306163021868364,0.6614617940199223,3.2875834692839083,0.01722017220172191,True,3.2565130260520614,0.21380000000000002,0.2129,5.0,5778.87
2024-10-09,13:00,0.25,2024-11-08,30,5751.8,5730.0,0.1653,2024,ok,5590.0,0.25020000000000003,0.2541,0.25215,51.25,52.05,0.7999999999999972,3.172714653975797,0.8590102205486517,3.406742893312123,0.01365853658536591,True,3.197442046362898,0.2011,0.2001,5.0,5778.87
2024-10-15,10:00,0.15,2024-11-14,30,5866.74,5755.0,0.1558,2024,ok,5525.0,0.1443,0.1468,0.14555,27.25,27.71,0.46000000000000085,3.160425970456893,0.4499999999999866,3.0917210580555583,0.01834862385321101,True,3.1878031878031936,0.21300000000000002,0.21208000000000002,25.0,5860.51
2024-10-15,10:00,0.2,2024-11-14,30,5866.74,5755.0,0.1558,2024,ok,5620.0,0.199,0.2026,0.2008,37.550000000000004,38.25,0.6999999999999957,3.486055776892409,0.6616832779623201,3.2952354480195223,0.013315579227696403,True,3.517587939698471,0.196,0.1952,5.0,5860.51
2024-10-15,10:00,0.25,2024-11-14,30,5866.74,5755.0,0.1558,2024,ok,5690.0,0.2538,0.25830000000000003,0.25605,48.3,49.2,0.9000000000000057,3.514938488576472,0.8892596454640476,3.4729921713104766,0.012422360248447235,True,3.546099290780164,0.18380000000000002,0.18295,10.0,5860.51
2024-10-15,13:00,0.15,2024-11-14,30,5866.74,5755.0,0.158,2024,ok,5500.0,0.1467,0.14924,0.14797,28.200000000000003,28.680000000000003,0.4800000000000004,3.243900790700821,0.4500000000000014,3.041156991282026,0.021276595744680774,True,3.2719836400818028,0.2167,0.2158,25.0,5836.28
2024-10-15,13:00,0.2,2024-11-14,30,5866.74,5755.0,0.158,2024,ok,5590.0,0.1981,0.2016,0.19985,38.05,38.75,0.7000000000000028,3.502626970227685,0.6760245901639286,3.382659945778977,0.018396846254927615,True,3.533568904593654,0.2005,0.19965,10.0,5836.28
2024-10-15,13:00,0.25,2024-11-14,30,5866.74,5755.0,0.158,2024,ok,5660.0,0.2516,0.256,0.2538,48.7,49.6,0.8999999999999986,3.546099290780136,0.8773722627736866,3.4569435097465977,0.02053388090349076,True,3.5771065182829833,0.1882,0.18735,10.0,5836.28
2024-10-17,10:00,0.15,2024-11-18,32,5875.62,5765.0,0.1522,2024,ok,5525.0,0.1446,0.14708000000000002,0.14584000000000003,27.35,27.810000000000002,0.46000000000000085,3.1541415249588645,0.4499999999999872,3.085573230937926,0.025594149908592295,True,3.1811894882434357,0.20650000000000002,0.20562000000000002,25.0,5859.09
2024-10-17,10:00,0.2,2024-11-18,32,5875.62,5765.0,0.1522,2024,ok,5625.0,0.20320000000000002,0.20686000000000002,0.20503000000000002,38.5,39.22,0.7199999999999989,3.511681217382816,0.6799999999999883,3.3165878164170524,0.020779220779220706,True,3.5433070866141674,0.1895,0.18868000000000001,25.0,5859.09
2024-10-17,10:00,0.25,2024-11-18,32,5875.62,5765.0,0.1522,2024,ok,5680.0,0.24580000000000002,0.25025000000000003,0.24802500000000002,46.9,47.824999999999996,0.9249999999999972,3.7294627557705757,0.860741971207068,3.4703839177787237,0.021321961620469083,True,3.7632221318144716,0.18030000000000002,0.17955000000000002,10.0,5859.09
2024-10-17,13:00,0.15,2024-11-18,32,5875.62,5765.0,0.14880000000000002,2024,ok,5550.0,0.15080000000000002,0.15356,0.15218,27.700000000000003,28.21,0.509999999999998,3.351294519647772,0.4749999999999965,3.121303719279777,0.014440433212996465,True,3.381962864721472,0.1986,0.19778,25.0,5862.51
2024-10-17,13:00,0.2,2024-11-18,32,5875.62,5765.0,0.14880000000000002,2024,ok,5625.0,0.1961,0.19974,0.19791999999999998,36.1,36.79,0.6899999999999977,3.4862570735650658,0.6549999999999879,3.3094179466450484,0.011080332409972457,True,3.518612952575205,0.186,0.18516,25.0,5862.51
2024-10-17,13:00,0.25,2024-11-18,32,5875.62,5765.0,0.14880000000000002,2024,ok,5690.0,0.24700000000000003,0.25155,0.24927500000000002,45.85,46.75,0.8999999999999986,3.6104703640557556,0.8706465067779154,3.492714900322597,0.010905125408942203,True,3.6437246963562693,0.1751,0.17435,10.0,5862.51
2024-11-07,10:00,0.15,2024-12-09,32,5947.21,5820.0,0.12510000000000002,2024,ok,5700.0,0.1507,0.15385000000000001,0.152275,22.9,23.375,0.4750000000000014,3.1193564275160166,0.4749999999999758,3.1193564275158483,0.026200873362445323,True,3.1519575315195847,0.16240000000000002,0.16160000000000002,10.0,5958.39
2024-11-07,10:00,0.2,2024-12-09,32,5947.21,5820.0,0.12510000000000002,2024,ok,5770.0,0.2019,0.2061,0.20400000000000001,30.8,31.450000000000003,0.6500000000000021,3.186274509803932,0.6756921373200585,3.312216359412051,0.019480519480519525,True,3.2194155522536017,0.1511,0.1502,5.0,5958.39
2024-11-07,10:00,0.25,2024-12-09,32,5947.21,5820.0,0.12510000000000002,2024,ok,5820.0,0.2499,0.2553,0.25260000000000005,38.5,39.400000000000006,0.9000000000000057,3.562945368171043,0.8878183831672443,3.5147204400920193,0.01558441558441562,True,3.6014405762305146,0.1432,0.14250000000000002,5.0,5958.39
2024-11-07,13:00,0.15,2024-12-09,32,5947.21,5820.0,0.1222,2024,ok,5720.0,0.1502,0.1535,0.15184999999999998,22.150000000000002,22.650000000000002,0.5,3.292723081988805,0.4657253599114367,3.0670092848958626,0.02257336343115124,True,3.3288948069241013,0.1575,0.1568,5.0,5971.27
2024-11-07,13:00,0.2,2024-12-09,32,5947.21,5820.0,0.1222,2024,ok,5790.0,0.2028,0.20725,0.205025,30.0,30.675,0.6750000000000007,3.2922814290940163,0.6763295099061617,3.298766052462683,0.02000000000000005,True,3.3284023668639087,0.1461,0.1453,10.0,5971.27
2024-11-07,13:00,0.25,2024-12-09,32,5947.21,5820.0,0.1222,2024,ok,5840.0,0.25270000000000004,0.25835,0.255525,37.8,38.7,0.9000000000000057,3.5221602582917746,0.9068821689259792,3.549093704827235,0.01587301587301591,True,3.5615354174911182,0.1384,0.1376,10.0,5971.27
2024-11-14,10:00,0.15,2024-12-16,32,5989.68,5945.0,0.114,2024,ok,5750.0,0.15510000000000002,0.15878,0.15694000000000002,21.5,22.01,0.5100000000000016,3.2496495475978175,0.4799999999999754,3.0584936918566035,0.027906976744186112,True,3.288201160541596,0.1469,0.14608000000000002,25.0,5979.78
2024-11-14,10:00,0.2,2024-12-16,32,5989.68,5945.0,0.114,2024,ok,5810.0,0.2041,0.20905,0.206575,28.450000000000003,29.175,0.7249999999999979,3.5096212029529124,0.7259183673469112,3.51406688779819,0.02460456942003512,True,3.55218030377265,0.1374,0.13665,10.0,5979.78
2024-11-14,10:00,0.25,2024-12-16,32,5989.68,5945.0,0.114,2024,ok,5850.0,0.2462,0.2521,0.24914999999999998,34.7,35.6,0.8999999999999986,3.612281757977117,0.8796296296296245,3.5305222943191836,0.02305475504322758,True,3.6555645816409363,0.13140000000000002,0.13065000000000002,10.0,5979.78
2024-11-14,13:00,0.15,2024-12-16,32,5989.68,5945.0,0.1134,2024,ok,5725.0,0.1457,0.14922,0.14745999999999998,19.95,20.43,0.4800000000000004,3.2551200325512037,0.4500000000000065,3.051675030516795,0.025062656641604012,True,3.2944406314344574,0.1476,0.1468,25.0,5965.5
2024-11-14,13:00,0.2,2024-12-16,32,5989.68,5945.0,0.1134,2024,ok,5800.0,0.20600000000000002,0.211,0.20850000000000002,28.35,29.075000000000003,0.7250000000000014,3.4772182254196706,0.7121951219512795,3.4158039422123716,0.01763668430335097,True,3.519417475728162,0.13570000000000002,0.13495000000000001,10.0,5965.5
2024-11-14,13:00,0.25,2024-12-16,32,5989.68,5945.0,0.1134,2024,ok,5840.0,0.24910000000000002,0.25525000000000003,0.25217500000000004,34.7,35.650000000000006,0.9500000000000028,3.7672251412709534,0.9002085505735278,3.5697771411659667,0.01729106628242079,True,3.813729425933371,0.1297,0.12905000000000003,10.0,5965.5
2024-11-21,10:00,0.15,2024-12-23,32,5940.58,5875.0,0.1363,2024,ok,5625.0,0.15430000000000002,0.15726,0.15578000000000003,26.400000000000002,26.900000000000002,0.5,3.2096546411606104,0.47999999999999077,3.081268455514127,0.03787878787878787,True,3.2404406999351907,0.18280000000000002,0.18192000000000003,25.0,5911.24
2024-11-21,10:00,0.2,2024-12-23,32,5940.58,5875.0,0.1363,2024,ok,5700.0,0.20400000000000001,0.20800000000000002,0.20600000000000002,34.95,35.65,0.6999999999999957,3.3980582524271634,0.6810975609756129,3.306298839687441,0.03147353361945641,True,3.4313725490195868,0.1701,0.16925,20.0,5911.24
2024-11-21,10:00,0.25,2024-12-23,32,5940.58,5875.0,0.1363,2024,ok,5750.0,0.2466,0.2514,0.249,42.5,43.375,0.875,3.5140562248995986,0.8530864197530935,3.42604987852648,0.028235294117647126,True,3.5482562854825628,0.1617,0.16090000000000002,10.0,5911.24
2024-11-21,13:00,0.15,2024-12-23,32,5940.58,5875.0,0.132,2024,ok,5650.0,0.1447,0.14748,0.14609,24.4,24.86,0.46000000000000085,3.1487439249777593,0.42999999999997895,2.943391060305147,0.016393442622950907,True,3.1789910158949612,0.1819,0.18102000000000001,25.0,5949.22
2024-11-21,13:00,0.2,2024-12-23,32,5940.58,5875.0,0.132,2024,ok,5740.0,0.2023,0.2062,0.20425,34.0,34.65,0.6499999999999986,3.1823745410036652,0.6668941979522108,3.2650878724710446,0.011764705882353108,True,3.213049925852687,0.16620000000000001,0.16535,10.0,5949.22
2024-11-21,13:00,0.25,2024-12-23,32,5940.58,5875.0,0.132,2024,ok,5800.0,0.2546,0.25965,0.257125,43.0,43.9,0.8999999999999986,3.5002430724355804,0.8669753086420036,3.371804797829863,0.009302325581395316,True,3.5349567949725005,0.1559,0.15510000000000002,10.0,5949.22
2024-11-22,10:00,0.15,2024-12-23,31,5944.36,5920.0,0.1277,2024,ok,5700.0,0.1524,0.155,0.1537,24.5,24.837500000000002,0.33750000000000213,2.1958360442420437,0.35182926829268557,2.289064855515196,0.38367346938775504,False,2.214566929133872,0.17350000000000002,0.1723,20.0,5972.72
2024-11-22,10:00,0.2,2024-12-23,31,5944.36,5920.0,0.1277,2024,ok,5770.0,0.1995,0.2036,0.20155,31.85,32.55,0.6999999999999957,3.473083602083829,0.6604651162790829,3.276929378710409,0.27943485086342235,False,3.50877192982454,0.1607,0.15990000000000001,5.0,5972.72
2024-11-22,10:00,0.25,2024-12-23,31,5944.36,5920.0,0.1277,2024,ok,5825.0,0.2492,0.2544,0.2518,40.1,41.0,0.8999999999999986,3.5742652899126233,0.883571428571467,3.5090207647794553,0.23441396508728193,False,3.6115569823434934,0.1516,0.15080000000000002,5.0,5972.72
2024-11-22,13:00,0.15,2024-12-23,31,5944.36,5920.0,0.12240000000000001,2024,ok,5700.0,0.14850000000000002,0.15157500000000002,0.15003750000000002,23.0,23.4625,0.4624999999999986,3.0825626926601584,0.4408536585365875,2.9382898177894687,0.017391304347826025,True,3.1144781144781044,0.16840000000000002,0.167525,20.0,5968.9800000000005
2024-11-22,13:00,0.2,2024-12-23,31,5944.36,5920.0,0.12240000000000001,2024,ok,5775.0,0.2006,0.20470000000000002,0.20265,30.9,31.55,0.6500000000000021,3.207500616827052,0.6342857142857374,3.1299566458708976,0.012944983818770297,True,3.2402791625124734,0.155,0.1542,5.0,5968.9800000000005
2024-11-22,13:00,0.25,2024-12-23,31,5944.36,5920.0,0.12240000000000001,2024,ok,5830.0,0.252,0.25734999999999997,0.254675,39.0,39.85,0.8500000000000014,3.3375871208402925,0.8426356589147453,3.30867049735838,0.01025641025641022,True,3.373015873015879,0.14550000000000002,0.1446,10.0,5968.9800000000005
2024-12-17,10:00,0.15,2025-01-16,30,6052.55,6045.0,0.1115,2024,ok,5800.0,0.1529,0.15572,0.15431,22.55,22.880000000000003,0.33000000000000185,2.1385522649212745,0.36499999999999916,2.365368414231088,0.01330376940133025,True,2.158273381294976,0.16,0.15876,25.0,6049.63
2024-12-17,10:00,0.2,2025-01-16,30,6052.55,6045.0,0.1115,2024,ok,5870.0,0.2033,0.2076,0.20545000000000002,29.55,30.15,0.5999999999999979,2.9204185933317004,0.6021008403361297,2.9306441486304675,0.010152284263959295,True,2.951303492375789,0.1464,0.1454,5.0,6049.63
2024-12-17,10:00,0.25,2025-01-16,30,6052.55,6045.0,0.1115,2024,ok,5920.0,0.2515,0.2569,0.2542,36.35,37.1,0.75,2.950432730133753,0.777297895902534,3.0578202041799134,0.008253094910591393,True,2.982107355864811,0.1366,0.1355,5.0,6049.63
2024-12-17,13:00,0.15,2025-01-16,30,6052.55,6045.0,0.11080000000000001,2024,ok,5800.0,0.1486,0.15178,0.15019,21.75,22.19,0.4400000000000013,2.929622478194296,0.40999999999999726,2.7298754910446585,0.013793103448275895,True,2.960969044414544,0.1597,0.15876,25.0,6054.17
2024-12-17,13:00,0.2,2025-01-16,30,6052.55,6045.0,0.11080000000000001,2024,ok,5870.0,0.198,0.2021,0.20005,28.55,29.1,0.5500000000000007,2.7493126718320453,0.5890756302520954,2.9446419907627863,0.010507880910682912,True,2.7777777777777812,0.1462,0.1451,5.0,6054.17
2024-12-17,13:00,0.25,2025-01-16,30,6052.55,6045.0,0.11080000000000001,2024,ok,5925.0,0.2505,0.2559,0.2532,35.85,36.6,0.75,2.962085308056872,0.7650000000000121,3.0213270142180577,0.008368200836820005,True,2.9940119760479043,0.13540000000000002,0.1343,5.0,6054.17
2025-01-15,10:00,0.15,2025-02-14,30,5905.21,5900.0,0.1409,2025,ok,5660.0,0.1505,0.1535,0.152,24.450000000000003,24.950000000000003,0.5,3.2894736842105265,0.518734015345299,3.4127237851664405,0.08588957055214715,True,3.3222591362126246,0.1797,0.1789,5.0,5940.96
2025-01-15,10:00,0.2,2025-02-14,30,5905.21,5900.0,0.1409,2025,ok,5730.0,0.2006,0.20450000000000002,0.20255,33.2,33.85,0.6499999999999986,3.209084176746475,0.7241758241758085,3.5752941208383535,0.07831325301204813,True,3.2402791625124556,0.1698,0.1689,5.0,5940.96
2025-01-15,10:00,0.25,2025-02-14,30,5905.21,5900.0,0.1409,2025,ok,5785.0,0.2508,0.25570000000000004,0.25325000000000003,42.3,43.2,0.9000000000000057,3.553800592300121,0.9489010989010883,3.7468947636765577,0.06619385342789609,True,3.5885167464115058,0.16190000000000002,0.16110000000000002,5.0,5940.96
2025-01-15,13:00,0.15,2025-02-14,30,5905.21,5900.0,0.1395,2025,ok,5650.0,0.1489,0.1521,0.15050000000000002,23.950000000000003,24.5,0.5499999999999972,3.6544850498338675,0.5145255863539343,3.4187746601590314,0.012526096033402951,True,3.6937541974479324,0.1787,0.17800000000000002,5.0,5930.88
2025-01-15,13:00,0.2,2025-02-14,30,5905.21,5900.0,0.1395,2025,ok,5720.0,0.199,0.2031,0.20105,32.599999999999994,33.3,0.7000000000000028,3.48172096493411,0.7225274725274665,3.5937700697710344,0.012269938650306707,True,3.5175879396985064,0.1688,0.168,5.0,5930.88
2025-01-15,13:00,0.25,2025-02-14,30,5905.21,5900.0,0.1395,2025,ok,5775.0,0.2494,0.2545,0.25195,41.7,42.6,0.8999999999999986,3.5721373288350806,0.9420329670329607,3.738967918368568,0.009592326139088694,True,3.608660785886121,0.161,0.1602,5.0,5930.88
2025-02-10,10:00,0.15,2025-03-12,30,6046.400000000001,6045.0,0.1359,2025,ok,5775.0,0.15,0.1532,0.1516,24.1,24.630000000000003,0.5300000000000011,3.496042216358846,0.49500000000000166,3.265171503957794,0.016597510373443924,True,3.533333333333341,0.1776,0.17684,25.0,6054.02
2025-02-10,10:00,0.2,2025-03-12,30,6046.400000000001,6045.0,0.1359,2025,ok,5850.0,0.2034,0.20770000000000002,0.20555,33.099999999999994,33.85,0.7500000000000071,3.6487472634395868,0.7225609756097313,3.5152565098989603,0.012084592145015064,True,3.687315634218324,0.1661,0.1654,10.0,6054.02
2025-02-10,10:00,0.25,2025-03-12,30,6046.400000000001,6045.0,0.1359,2025,ok,5900.0,0.24930000000000002,0.2545,0.2519,41.1,42.050000000000004,0.9500000000000028,3.7713378324732147,0.9000000000000141,3.5728463676062487,0.009732360097323738,True,3.8106698756518362,0.1584,0.1577,10.0,6054.02
2025-02-10,13:00,0.15,2025-03-12,30,6046.400000000001,6045.0,0.1317,2025,ok,5800.0,0.1537,0.15706,0.15538000000000002,23.95,24.49,0.5399999999999991,3.4753507529926573,0.5049999999999975,3.2500965375209,0.020876826722338204,True,3.513337670787242,0.171,0.17022,25.0,6064.51
2025-02-10,13:00,0.2,2025-03-12,30,6046.400000000001,6045.0,0.1317,2025,ok,5860.0,0.1976,0.20185,0.19972499999999999,31.1,31.825,0.7249999999999979,3.629991237952174,0.72367346938776,3.6233494524358996,0.01929260450160776,True,3.669028340080961,0.16190000000000002,0.16115000000000002,10.0,6064.51
2025-02-10,13:00,0.25,2025-03-12,30,6046.400000000001,6045.0,0.1317,2025,ok,5920.0,0.2541,0.2594,0.25675000000000003,40.7,41.6,0.8999999999999986,3.5053554040895754,0.9165005537098402,3.5696224097754237,0.014742014742014775,True,3.541912632821718,0.15280000000000002,0.152,5.0,6064.51
2025-04-25,10:00,0.15,2025-05-27,32,5489.7300000000005,5410.0,0.234,2025,ok,5025.0,0.1495,0.15156,0.15053,39.0,39.56,0.5600000000000023,3.72018866671097,0.5700000000000026,3.7866206071879533,0.38461538461538464,False,3.7458193979933263,0.29910000000000003,0.29826,25.0,5466.75
2025-04-25,10:00,0.2,2025-05-27,32,5489.7300000000005,5410.0,0.234,2025,ok,5130.0,0.1995,0.20240000000000002,0.20095000000000002,53.300000000000004,54.2,0.8999999999999986,4.478726051256524,0.8118493909191693,4.0400566853404785,0.28142589118198874,False,4.511278195488714,0.28400000000000003,0.28350000000000003,10.0,5466.75
2025-04-25,10:00,0.25,2025-05-27,32,5489.7300000000005,5410.0,0.234,2025,ok,5210.0,0.24730000000000002,0.25065000000000004,0.24897500000000003,67.7,68.75,1.0499999999999972,4.217290892659894,1.0032325338894692,4.029450884183027,0.22156573116691283,False,4.24585523655478,0.2728,0.2722,10.0,5466.75
2025-04-25,13:00,0.15,2025-05-27,32,5489.7300000000005,5410.0,0.2167,2025,ok,5100.0,0.1509,0.15315,0.15202500000000002,36.6,37.175,0.5749999999999957,3.7822726525242274,0.5830246913580248,3.8350579928171338,0.016393442622950664,True,3.8104705102716747,0.276,0.27525000000000005,10.0,5509.4400000000005
2025-04-25,13:00,0.2,2025-05-27,32,5489.7300000000005,5410.0,0.2167,2025,ok,5200.0,0.2026,0.20550000000000002,0.20405,50.400000000000006,51.2,0.7999999999999972,3.9206076941925856,0.8012345679012576,3.926658014708442,0.011904761904761932,True,3.9486673247778734,0.2621,0.26139999999999997,10.0,5509.4400000000005
2025-04-25,13:00,0.25,2025-05-27,32,5489.7300000000005,5410.0,0.2167,2025,ok,5275.0,0.2508,0.2543,0.25255000000000005,63.85,64.85,0.9999999999999929,3.959611958028084,0.9999999999999873,3.9596119580280624,0.010963194988253764,True,3.9872408293460637,0.2515,0.2508,5.0,5509.4400000000005
2025-05-05,10:00,0.15,2025-06-04,30,5655.32,5635.0,0.2074,2025,ok,5250.0,0.1531,0.15559,0.154345,36.25,36.89,0.6400000000000006,4.146554796073734,,,0.2620689655172414,False,4.180274330502942,0.27090000000000003,0.27020000000000005,50.0,5646.95
2025-05-05,10:00,0.2,2025-06-04,30,5655.32,5635.0,0.2074,2025,ok,5350.0,0.2061,0.2092,0.20765,49.95,50.77,0.8200000000000003,3.9489525644112704,,,0.19019019019019018,False,3.978651140223194,0.2564,0.25566,25.0,5646.95
2025-05-05,10:00,0.25,2025-06-04,30,5655.32,5635.0,0.2074,2025,ok,5425.0,0.2558,0.25952000000000003,0.25766,63.3,64.31,1.0100000000000051,3.9198944345261397,0.969999999999962,3.7646510905843438,0.1484992101105845,True,3.948397185301036,0.2452,0.2444,25.0,5646.95
2025-05-05,13:00,0.15,2025-06-04,30,5655.32,5635.0,0.19720000000000001,2025,ok,5300.0,0.155,0.1576,0.1563,34.8,35.425,0.625,3.99872040946897,,,0.011494252873563178,True,4.032258064516129,0.2556,0.25486,50.0,5673.87
2025-05-05,13:00,0.2,2025-06-04,30,5655.32,5635.0,0.19720000000000001,2025,ok,5375.0,0.19540000000000002,0.1985,0.19695000000000001,44.550000000000004,45.32000000000001,0.7700000000000031,3.9096217314039254,0.7349999999999954,3.7319116527037086,0.01122334455667789,True,3.9406345957011415,0.24430000000000002,0.24356000000000003,25.0,5673.87
2025-05-05,13:00,0.25,2025-06-04,30,5655.32,5635.0,0.19720000000000001,2025,ok,5460.0,0.25270000000000004,0.25655,0.254625,58.95,59.95,1.0,3.927344133529701,0.999183673469398,3.924138138318696,0.008481764206955046,True,3.957261574990106,0.23140000000000002,0.23070000000000002,10.0,5673.87
2025-05-21,10:00,0.15,2025-06-20,30,5910.18,5900.0,0.1631,2025,ok,5575.0,0.1501,0.1526,0.15135,29.25,29.75,0.5,3.3036009250082587,0.518681318681319,3.4270321683602174,0.01025641025641028,True,3.331112591605596,0.2157,0.2149,5.0,5911.7300000000005
2025-05-21,10:00,0.2,2025-06-20,30,5910.18,5900.0,0.1631,2025,ok,5660.0,0.20070000000000002,0.2043,0.2025,39.6,40.35,0.75,3.7037037037037033,0.7118131868131874,3.5151268484601843,0.010101010101010244,True,3.736920777279521,0.2025,0.2018,5.0,5911.7300000000005
2025-05-21,10:00,0.25,2025-06-20,30,5910.18,5900.0,0.1631,2025,ok,5725.0,0.2503,0.2546,0.25245,50.05,51.0,0.9500000000000028,3.763121410180245,0.9049450549450642,3.5846506434742094,0.00599400599400608,True,3.7954454654414813,0.1922,0.19140000000000001,5.0,5911.7300000000005
2025-05-21,13:00,0.15,2025-06-20,30,5910.18,5900.0,0.1575,2025,ok,5600.0,0.14880000000000002,0.1514,0.1501,28.05,28.55,0.5,3.331112591605596,0.5129120879120962,3.4171358288614,0.017825311942959002,True,3.3602150537634405,0.2087,0.2079,5.0,5928.57
2025-05-21,13:00,0.2,2025-06-20,30,5910.18,5900.0,0.1575,2025,ok,5685.0,0.20070000000000002,0.20420000000000002,0.20245000000000002,38.3,39.0,0.7000000000000028,3.4576438626821573,0.7076923076923267,3.495639949085338,0.015665796344647556,True,3.487792725460901,0.1955,0.1947,5.0,5928.57
2025-05-21,13:00,0.25,2025-06-20,30,5910.18,5900.0,0.1575,2025,ok,5750.0,0.2519,0.2564,0.25415,48.75,49.7,0.9500000000000028,3.7379500295101433,0.9140109890109842,3.5963446351012562,0.010256410256410256,True,3.7713378324732147,0.1852,0.1845,5.0,5928.57
2025-05-30,10:00,0.15,2025-06-30,31,5903.67,5900.0,0.1658,2025,ok,5530.0,0.1506,0.1531,0.15185,30.9,31.400000000000002,0.5000000000000036,3.292723081988828,0.49917582417582373,3.28729551646904,0.07766990291262144,True,3.320053120849957,0.22390000000000002,0.22310000000000002,5.0,5881.58
2025-05-30,10:00,0.2,2025-06-30,31,5903.67,5900.0,0.1658,2025,ok,5620.0,0.201,0.2041,0.20255,41.45,42.1,0.6499999999999986,3.209084176746475,0.6876373626373697,3.3949018150450243,0.07478890229191801,True,3.233830845771137,0.20900000000000002,0.20800000000000002,5.0,5881.58
2025-05-30,10:00,0.25,2025-06-30,31,5903.67,5900.0,0.1658,2025,ok,5690.0,0.2518,0.2559,0.25385,52.45,53.35,0.8999999999999986,3.5454008272601873,0.8969780219780222,3.5334962457278793,0.06291706387035266,True,3.5742652899126233,0.1973,0.1965,5.0,5881.58
2025-05-30,13:00,0.15,2025-06-30,31,5903.67,5900.0,0.17020000000000002,2025,ok,5495.0,0.1505,0.153,0.15175,31.55,32.1,0.5500000000000007,3.6243822075782584,0.5098901098901001,3.360066622010544,0.01584786053882726,True,3.654485049833892,0.2298,0.2291,5.0,5854.28
2025-05-30,13:00,0.2,2025-06-30,31,5903.67,5900.0,0.17020000000000002,2025,ok,5585.0,0.20020000000000002,0.2034,0.2018,42.35,43.050000000000004,0.7000000000000028,3.468780971258686,0.6950549450549799,3.4442762391227943,0.011806375442739079,True,3.4965034965035104,0.21530000000000002,0.21450000000000002,5.0,5854.28
2025-05-30,13:00,0.25,2025-06-30,31,5903.67,5900.0,0.17020000000000002,2025,ok,5655.0,0.24960000000000002,0.2536,0.2516,53.3,54.2,0.9000000000000057,3.5771065182830117,0.8854395604396019,3.5192351368823607,0.011257035647279577,True,3.6057692307692535,0.2036,0.20270000000000002,5.0,5854.28
2025-06-04,10:00,0.15,2025-07-07,33,5978.9400000000005,5895.0,0.14800000000000002,2025,ok,5650.0,0.1448,0.1474,0.1461,27.4,27.9,0.5,3.4223134839151266,0.46999999999997605,3.216974674880055,0.5474452554744524,False,3.4530386740331487,0.1991,0.19834,25.0,5985.92
2025-06-04,10:00,0.2,2025-07-07,33,5978.9400000000005,5895.0,0.14800000000000002,2025,ok,5750.0,0.20470000000000002,0.20836000000000002,0.20653000000000002,39.1,39.82,0.7199999999999989,3.4861763424199816,0.6999999999999644,3.389338110685926,0.3836317135549872,False,3.517342452369315,0.18380000000000002,0.18300000000000002,25.0,5985.92
2025-06-04,10:00,0.25,2025-07-07,33,5978.9400000000005,5895.0,0.14800000000000002,2025,ok,5800.0,0.2432,0.247575,0.24538749999999998,46.800000000000004,47.7,0.8999999999999986,3.667668483520956,0.8707317073171127,3.548394711699303,0.3205128205128205,False,3.7006578947368363,0.1759,0.17515,20.0,5985.92
2025-06-04,13:00,0.15,2025-07-07,33,5978.9400000000005,5895.0,0.14730000000000001,2025,ok,5650.0,0.1471,0.14980000000000002,0.14845000000000003,27.55,28.07,0.5199999999999996,3.5028629168070022,0.48999999999997573,3.3007746716064377,0.018148820326678767,True,3.5350101971447963,0.1966,0.19586,25.0,5977.84
2025-06-04,13:00,0.2,2025-07-07,33,5978.9400000000005,5895.0,0.14730000000000001,2025,ok,5750.0,0.2087,0.21254,0.21062,39.5,40.26,0.759999999999998,3.6083942645522646,0.7249999999999625,3.4422182128950833,0.015189873417721555,True,3.6415908001916533,0.1814,0.18062,25.0,5977.84
2025-06-04,13:00,0.25,2025-07-07,33,5978.9400000000005,5895.0,0.14730000000000001,2025,ok,5800.0,0.24880000000000002,0.25327500000000003,0.2510375,47.550000000000004,48.462500000000006,0.9125000000000014,3.634915102325355,0.8975609756097974,3.575405967673345,0.010515247108307044,True,3.6676045016077223,0.17370000000000002,0.17292500000000002,20.0,5977.84
2025-06-11,10:00,0.15,2025-07-11,30,6049.38,5995.0,0.1399,2025,ok,5750.0,0.1507,0.1534,0.15205000000000002,25.8,26.250000000000004,0.45000000000000284,2.959552778691238,0.475000000000004,3.1239723775074246,0.08527131782945747,True,2.986065029860669,0.1859,0.185,10.0,6045.74
2025-06-11,10:00,0.2,2025-07-11,30,6049.38,5995.0,0.1399,2025,ok,5825.0,0.1991,0.203,0.20105,34.150000000000006,34.849999999999994,0.6999999999999886,3.4817209649340395,0.6628571428571748,3.2969765872030576,0.08491947291361635,True,3.515821195379149,0.17320000000000002,0.1724,5.0,6045.74
2025-06-11,10:00,0.25,2025-07-11,30,6049.38,5995.0,0.1399,2025,ok,5880.0,0.24580000000000002,0.25055000000000005,0.24817500000000003,42.6,43.475,0.875,3.525737886571975,0.8729789590254167,3.517594274304086,0.08450704225352099,True,3.5598047192839704,0.16440000000000002,0.16360000000000002,10.0,6045.74
2025-06-11,13:00,0.15,2025-07-11,30,6049.38,5995.0,0.1391,2025,ok,5750.0,0.1512,0.15395,0.15257500000000002,25.75,26.200000000000003,0.45000000000000284,2.949369162706884,0.47623456790123864,3.1213145528509822,0.019417475728155338,True,2.976190476190495,0.18480000000000002,0.18385,10.0,6043.05
2025-06-11,13:00,0.2,2025-07-11,30,6049.38,5995.0,0.1391,2025,ok,5825.0,0.20040000000000002,0.2043,0.20235000000000003,34.2,34.900000000000006,0.7000000000000028,3.4593526068692992,0.6678571428571728,3.300504783084619,0.017543859649122848,True,3.493013972055902,0.17220000000000002,0.1714,5.0,6043.05
2025-06-11,13:00,0.25,2025-07-11,30,6049.38,5995.0,0.1391,2025,ok,5880.0,0.24730000000000002,0.25215,0.249725,42.6,43.50000000000001,0.9000000000000057,3.6039643607968994,0.8717054263565363,3.4906614330024475,0.014084507042253388,True,3.6393044884755583,0.1632,0.16245,10.0,6043.05
2025-06-12,10:00,0.15,2025-07-14,32,6009.900000000001,5995.0,0.1459,2025,ok,5700.0,0.156,0.1587,0.15735,29.8,30.310000000000002,0.5100000000000016,3.2411820781696954,0.48499999999999166,3.08230060374955,0.01342281879194626,True,3.2692307692307794,0.1995,0.19864,25.0,6017.63
2025-06-12,10:00,0.2,2025-07-14,32,6009.900000000001,5995.0,0.1459,2025,ok,5775.0,0.20040000000000002,0.20394,0.20217000000000002,38.25,38.93,0.6799999999999997,3.3635059603304134,0.6500000000000017,3.2151159914923166,0.013071895424836602,True,3.3932135728542896,0.1867,0.18582,25.0,6017.63
2025-06-12,10:00,0.25,2025-07-14,32,6009.900000000001,5995.0,0.1459,2025,ok,5850.0,0.2587,0.2633,0.261,49.65,50.57,0.9200000000000017,3.524904214559393,0.8800000000000039,3.3716475095785587,0.010070493454179255,True,3.5562427522226585,0.1739,0.17302,25.0,6017.63
2025-06-12,13:00,0.15,2025-07-14,32,6009.900000000001,5995.0,0.14500000000000002,2025,ok,5700.0,0.1476,0.15012,0.14886,28.150000000000002,28.62,0.46999999999999886,3.1573290339916626,0.44999999999999213,3.022974607013248,0.017761989342806393,True,3.1842818428184203,0.2013,0.20044,25.0,6033.58
2025-06-12,13:00,0.2,2025-07-14,32,6009.900000000001,5995.0,0.14500000000000002,2025,ok,5800.0,0.20570000000000002,0.20934000000000003,0.20752000000000004,39.050000000000004,39.75000000000001,0.7000000000000028,3.3731688511950786,0.659999999999996,3.1804163454124708,0.012804097311139562,True,3.4030140982012775,0.1839,0.18302000000000002,25.0,6033.58
2025-06-12,13:00,0.25,2025-07-14,32,6009.900000000001,5995.0,0.14500000000000002,2025,ok,5850.0,0.24400000000000002,0.24834,0.24617,46.45,47.300000000000004,0.8500000000000014,3.452898403542273,0.815000000000003,3.3107202339846573,0.01076426264800861,True,3.4836065573770547,0.1753,0.17442000000000002,25.0,6033.58
2025-06-16,10:00,0.15,2025-07-16,30,6004.0,5995.0,0.14880000000000002,2025,ok,5700.0,0.1494,0.1519,0.15065,28.95,29.419999999999998,0.46999999999999886,3.119814138732153,0.44499999999999207,2.9538665781612483,0.017271157167530225,True,3.1459170013386806,0.21050000000000002,0.20958000000000002,25.0,6036.39
2025-06-16,10:00,0.2,2025-07-16,30,6004.0,5995.0,0.14880000000000002,2025,ok,5800.0,0.2068,0.21042000000000002,0.20861000000000002,39.8,40.5,0.7000000000000028,3.355543837783437,0.659999999999996,3.1637984756243513,0.015075376884422148,True,3.384912959381058,0.19210000000000002,0.1912,25.0,6036.39
2025-06-16,10:00,0.25,2025-07-16,30,6004.0,5995.0,0.14880000000000002,2025,ok,5860.0,0.2528,0.2571,0.25495,48.7,49.550000000000004,0.8500000000000014,3.333987056285552,0.8687755102040857,3.4076309480450506,0.012320328542094484,True,3.362341772151904,0.18100000000000002,0.1801,10.0,6036.39
2025-06-16,13:00,0.15,2025-07-16,30,6004.0,5995.0,0.1521,2025,ok,5700.0,0.1529,0.15542,0.15416000000000002,30.05,30.53,0.4800000000000004,3.113648157758176,0.4499999999999922,2.9190451478982364,0.009983361064891751,True,3.1393067364290412,0.2122,0.21128,25.0,6033.8
2025-06-16,13:00,0.2,2025-07-16,30,6004.0,5995.0,0.1521,2025,ok,5775.0,0.1945,0.1978,0.19615,38.0,38.64,0.6400000000000006,3.262809074687742,0.6100000000000024,3.1098648993117637,0.010526315789473648,True,3.2904884318766094,0.19840000000000002,0.19748000000000002,25.0,6033.8
2025-06-16,13:00,0.25,2025-07-16,30,6004.0,5995.0,0.1521,2025,ok,5850.0,0.24880000000000002,0.25295,0.250875,48.6,49.425000000000004,0.8250000000000028,3.28849028400599,0.8268292682926531,3.295781836742015,0.008230452674897236,True,3.3159163987138376,0.1845,0.18355000000000002,10.0,6033.8
2025-06-30,10:00,0.15,2025-07-30,30,6193.360000000001,6135.0,0.14020000000000002,2025,ok,5875.0,0.14550000000000002,0.14822000000000002,0.14686000000000002,25.6,26.080000000000002,0.4800000000000004,3.2684189023559878,0.4599999999999948,3.13223478142445,0.015624999999999944,True,3.298969072164951,0.1882,0.18738000000000002,25.0,6187.78
2025-06-30,10:00,0.2,2025-07-30,30,6193.360000000001,6135.0,0.14020000000000002,2025,ok,5950.0,0.191,0.19466,0.19283,33.7,34.36,0.6599999999999966,3.422703936109509,0.6399350649350737,3.3186488872845183,0.011869436201780372,True,3.455497382198935,0.17600000000000002,0.17518,25.0,6187.78
2025-06-30,10:00,0.25,2025-07-30,30,6193.360000000001,6135.0,0.14020000000000002,2025,ok,6025.0,0.252,0.25680000000000003,0.2544,44.95,45.85,0.8999999999999986,3.537735849056598,0.8885714285713693,3.4928122192270803,0.011123470522803113,True,3.571428571428566,0.164,0.1633,5.0,6187.78
2025-06-30,13:00,0.15,2025-07-30,30,6193.360000000001,6135.0,0.1389,2025,ok,5900.0,0.156,0.15902,0.15750999999999998,27.1,27.630000000000003,0.5300000000000011,3.3648657228112575,0.5049999999999906,3.206145641546509,0.014760147601475962,True,3.397435897435905,0.1826,0.18180000000000002,25.0,6189.53
2025-06-30,13:00,0.2,2025-07-30,30,6193.360000000001,6135.0,0.1389,2025,ok,5975.0,0.2061,0.21000000000000002,0.20805,36.0,36.7,0.7000000000000028,3.364575823119456,0.6982394366197299,3.3561136102846905,0.011111111111111072,True,3.3964095099466416,0.17070000000000002,0.1699,5.0,6189.53
2025-06-30,13:00,0.25,2025-07-30,30,6193.360000000001,6135.0,0.1389,2025,ok,6025.0,0.24860000000000002,0.2533,0.25095,43.8,44.7,0.9000000000000057,3.58637178720863,0.8692857142856585,3.463979734152853,0.00913242009132417,True,3.620273531777979,0.1628,0.162,5.0,6189.53
2025-07-09,10:00,0.15,2025-08-08,30,6243.33,6220.0,0.1369,2025,ok,5970.0,0.15030000000000002,0.1532,0.15175,25.55,26.05,0.5,3.2948929159802307,0.5038759689922494,3.3204347215304737,0.011741682974559575,True,3.3266799733865597,0.1784,0.1776,5.0,6264.12
2025-07-09,10:00,0.2,2025-08-08,30,6243.33,6220.0,0.1369,2025,ok,6040.0,0.1967,0.2005,0.1986,33.8,34.475,0.6750000000000043,3.39879154078552,0.6838894681960288,3.44355220642512,0.011834319526627177,True,3.4316217590239155,0.16820000000000002,0.16740000000000002,10.0,6264.12
2025-07-09,10:00,0.25,2025-08-08,30,6243.33,6220.0,0.1369,2025,ok,6100.0,0.2477,0.2525,0.2501,43.150000000000006,44.050000000000004,0.8999999999999986,3.5985605757696866,0.8901234567901313,3.559070199080893,0.006952491309385961,True,3.6334275333064134,0.1593,0.15855,10.0,6264.12
2025-07-09,13:00,0.15,2025-08-08,30,6243.33,6220.0,0.13670000000000002,2025,ok,5950.0,0.1507,0.15360000000000001,0.15215,25.55,26.05,0.5,3.286230693394676,0.5030864197530801,3.306516068045219,0.011741682974559575,True,3.3178500331785004,0.1784,0.17765,10.0,6242.58
2025-07-09,13:00,0.2,2025-08-08,30,6243.33,6220.0,0.13670000000000002,2025,ok,6025.0,0.2011,0.20500000000000002,0.20305,34.45,35.150000000000006,0.7000000000000028,3.4474267421817424,0.697857142857097,3.4368733950115584,0.008708272859216172,True,3.4808552958727144,0.1673,0.1665,5.0,6242.58
2025-07-09,13:00,0.25,2025-08-08,30,6243.33,6220.0,0.13670000000000002,2025,ok,6080.0,0.2484,0.2533,0.25085,43.1,44.025,0.9249999999999972,3.687462627067957,0.891362126245854,3.553367056989651,0.009280742459396883,True,3.723832528180343,0.159,0.1583,10.0,6242.58
2025-07-16,10:00,0.15,2025-08-15,30,6254.5,6245.0,0.1469,2025,ok,5920.0,0.1496,0.15230000000000002,0.15095000000000003,27.75,28.25,0.5,3.3123550844650542,0.4964285714285754,3.28869540529033,0.010810810810810836,True,3.3422459893048124,0.1951,0.19440000000000002,5.0,6241.85
2025-07-16,10:00,0.2,2025-08-15,30,6254.5,6245.0,0.1469,2025,ok,6000.0,0.19820000000000002,0.2018,0.2,37.05,37.75,0.7000000000000028,3.500000000000014,0.6824175824175753,3.4120879120878764,0.00809716599190295,True,3.5317860746720626,0.18280000000000002,0.1821,5.0,6241.85
2025-07-16,10:00,0.25,2025-08-15,30,6254.5,6245.0,0.1469,2025,ok,6065.0,0.2494,0.2538,0.25160000000000005,47.2,48.1,0.8999999999999986,3.5771065182829824,0.8901098901098765,3.5377976554446597,0.00847457627118641,True,3.608660785886121,0.1729,0.17220000000000002,5.0,6241.85
2025-07-16,13:00,0.15,2025-08-15,30,6254.5,6245.0,0.1479,2025,ok,5925.0,0.1509,0.1535,0.1522,28.65,29.15,0.5,3.2851511169513796,0.4972527472527284,3.2671008360888854,0.0104712041884817,True,3.3134526176275676,0.1988,0.1981,5.0,6251.650000000001
2025-07-16,13:00,0.2,2025-08-15,30,6254.5,6245.0,0.1479,2025,ok,6005.0,0.1986,0.2021,0.20035,37.95,38.650000000000006,0.7000000000000028,3.4938857000249706,0.6760989010989104,3.3745889747886717,0.007905138339920873,True,3.5246727089627536,0.1864,0.1857,5.0,6251.650000000001
2025-07-16,13:00,0.25,2025-08-15,30,6254.5,6245.0,0.1479,2025,ok,6070.0,0.2484,0.25270000000000004,0.25055000000000005,47.95,48.8,0.8499999999999943,3.3925364198762487,0.8703296703296661,3.473676592814472,0.006256517205422255,True,3.421900161030573,0.1762,0.1754,5.0,6251.650000000001
2025-07-18,10:00,0.15,2025-08-18,31,6312.95,6265.0,0.1326,2025,ok,6000.0,0.1472,0.15002,0.14861,25.650000000000002,26.150000000000002,0.5,3.364511136531862,0.48000000000000287,3.229930691070607,0.29239766081871343,False,3.3967391304347827,0.17950000000000002,0.17874,25.0,6306.66
2025-07-18,10:00,0.2,2025-08-18,31,6312.95,6265.0,0.1326,2025,ok,6075.0,0.1942,0.19796000000000002,0.19608000000000003,34.050000000000004,34.730000000000004,0.6799999999999997,3.467972256221948,0.6500000000000126,3.3149734802122217,0.22026431718061681,False,3.5015447991761053,0.16820000000000002,0.16742,25.0,6306.66
2025-07-18,10:00,0.25,2025-08-18,31,6312.95,6265.0,0.1326,2025,ok,6140.0,0.24680000000000002,0.25155000000000005,0.24917500000000004,43.550000000000004,44.45,0.8999999999999986,3.6119193338015387,0.8674061433446613,3.481112243783129,0.1722158438576349,False,3.6466774716369468,0.1578,0.1571,10.0,6306.66
2025-07-18,13:00,0.15,2025-08-18,31,6312.95,6265.0,0.1368,2025,ok,5975.0,0.1479,0.15068,0.14929,26.35,26.85,0.5,3.3491861477660927,0.4799999999999892,3.2152187018553766,0.011385199240986743,True,3.3806626098715347,0.18380000000000002,0.18304,25.0,6287.21
2025-07-18,13:00,0.2,2025-08-18,31,6312.95,6265.0,0.1368,2025,ok,6050.0,0.194,0.19770000000000001,0.19585000000000002,34.75,35.44,0.6899999999999977,3.52310441664538,0.6549999999999888,3.3443962215981045,0.008633093525179774,True,3.5567010309278233,0.1724,0.17164,25.0,6287.21
2025-07-18,13:00,0.25,2025-08-18,31,6312.95,6265.0,0.1368,2025,ok,6120.0,0.2504,0.2551,0.25275000000000003,45.35,46.3,0.9499999999999957,3.7586547972304474,0.8995798319327726,3.5591684745114636,0.011025358324145534,True,3.793929712460047,0.16160000000000002,0.161,5.0,6287.21
2025-07-28,10:00,0.15,2025-08-27,30,6397.6900000000005,6345.0,0.12490000000000001,2025,ok,6100.0,0.1436,0.14644000000000001,0.14502,23.55,24.01,0.46000000000000085,3.171976279133918,0.4399999999999725,3.034064266997466,0.012738853503184593,True,3.203342618384407,0.17070000000000002,0.16988,25.0,6395.5
2025-07-28,10:00,0.2,2025-08-27,30,6397.6900000000005,6345.0,0.12490000000000001,2025,ok,6175.0,0.19160000000000002,0.19554000000000002,0.19357000000000002,31.450000000000003,32.120000000000005,0.6700000000000017,3.461280157049138,0.6249999999999851,3.22880611665023,0.009538950715421326,True,3.4968684759916577,0.1588,0.15802,25.0,6395.5
2025-07-28,10:00,0.25,2025-08-27,30,6397.6900000000005,6345.0,0.12490000000000001,2025,ok,6240.0,0.24700000000000003,0.252,0.2495,40.85,41.725,0.875,3.5070140280561124,0.8723360655737077,3.496336936167165,0.007343941248469942,True,3.5425101214574894,0.1484,0.14765,10.0,6395.5
2025-07-28,13:00,0.15,2025-08-27,30,6397.6900000000005,6345.0,0.1223,2025,ok,6100.0,0.1449,0.14782,0.14636,23.450000000000003,23.92,0.46999999999999886,3.2112599070784293,0.4449999999999727,3.0404482098932273,0.01279317697228148,True,3.24361628709454,0.16820000000000002,0.16740000000000002,25.0,6389.16
2025-07-28,13:00,0.2,2025-08-27,30,6397.6900000000005,6345.0,0.1223,2025,ok,6175.0,0.1938,0.19782,0.19580999999999998,31.35,32.010000000000005,0.6600000000000037,3.3706143710740193,0.6199999999999853,3.166334712220956,0.009569377990430644,True,3.4055727554179756,0.15610000000000002,0.15530000000000002,25.0,6389.16
2025-07-28,13:00,0.25,2025-08-27,30,6397.6900000000005,6345.0,0.1223,2025,ok,6240.0,0.2504,0.25555,0.252975,40.7,41.575,0.875,3.4588398063049706,0.8723360655737101,3.4483093806649276,0.009828009828009793,True,3.4944089456869007,0.14550000000000002,0.14470000000000002,10.0,6389.16
2025-07-30,10:00,0.15,2025-08-29,30,6381.2300000000005,6370.0,0.13,2025,ok,6070.0,0.1501,0.1525,0.1513,26.65,27.05,0.40000000000000213,2.643754130865844,0.4615384615384593,3.050485535614404,0.011257035647279577,True,2.664890073284491,0.183,0.182,5.0,6377.610000000001
2025-07-30,10:00,0.2,2025-08-29,30,6381.2300000000005,6370.0,0.13,2025,ok,6150.0,0.19940000000000002,0.2029,0.20115,35.35,35.95,0.6000000000000014,2.98284862043252,0.6335164835165032,3.1494729481307644,0.008486562942008407,True,3.009027081243738,0.1698,0.1689,5.0,6377.610000000001
2025-07-30,10:00,0.25,2025-08-29,30,6381.2300000000005,6370.0,0.13,2025,ok,6215.0,0.25170000000000003,0.2564,0.25405,44.650000000000006,45.55,0.8999999999999915,3.542609722495538,0.8236263736264094,3.2419853321252092,0.006718924972004574,True,3.575685339690073,0.1585,0.1577,5.0,6377.610000000001
2025-07-30,13:00,0.15,2025-08-29,30,6381.2300000000005,6370.0,0.1301,2025,ok,6080.0,0.1512,0.15380000000000002,0.15250000000000002,26.8,27.25,0.4499999999999993,2.9508196721311424,0.464560439560447,3.0462979643307997,0.007462686567164285,True,2.9761904761904714,0.1821,0.1812,5.0,6384.900000000001
2025-07-30,13:00,0.2,2025-08-29,30,6381.2300000000005,6370.0,0.1301,2025,ok,6160.0,0.20090000000000002,0.2046,0.20275,35.55,36.2,0.6500000000000057,3.2059186189889304,0.638461538461548,3.149008821018732,0.008438818565400965,True,3.2354405176705106,0.1688,0.168,5.0,6384.900000000001
2025-07-30,13:00,0.25,2025-08-29,30,6381.2300000000005,6370.0,0.1301,2025,ok,6220.0,0.2494,0.2541,0.25175000000000003,44.2,45.05,0.8499999999999943,3.3763654419066302,0.8151098901098714,3.2377751344979995,0.004524886877828118,True,3.408179631114652,0.15860000000000002,0.1578,5.0,6384.900000000001
2025-08-05,10:00,0.15,2025-09-04,30,6336.63,6315.0,0.1394,2025,ok,6000.0,0.14450000000000002,0.14698000000000003,0.14574000000000004,27.4,27.86,0.46000000000000085,3.1563057499656972,0.4500000000000025,3.0876904075751503,0.5474452554744524,False,3.1833910034602133,0.1981,0.19724,25.0,6339.47
2025-08-05,10:00,0.2,2025-09-04,30,6336.63,6315.0,0.1394,2025,ok,6100.0,0.2023,0.20572500000000002,0.2040125,38.4,39.025,0.625,3.0635377734207463,0.6536585365853858,3.2040121883972095,0.39062499999999994,False,3.0894710825506673,0.18180000000000002,0.18085,20.0,6339.47
2025-08-05,10:00,0.25,2025-09-04,30,6336.63,6315.0,0.1394,2025,ok,6160.0,0.2508,0.25350000000000006,0.25215000000000004,48.6,48.650000000000006,0.05000000000000426,0.1982946658735049,0.809489051094884,3.2103472183021373,0.34979423868312753,False,0.19936204146732162,0.17400000000000002,0.1718,10.0,6339.47
2025-08-05,13:00,0.15,2025-09-04,30,6336.63,6315.0,0.1439,2025,ok,5975.0,0.14930000000000002,0.15192000000000003,0.15061000000000002,28.65,29.16,0.5100000000000016,3.386229334041574,0.4849999999999894,3.220237700019848,0.0104712041884817,True,3.4159410582719456,0.19970000000000002,0.19892,25.0,6308.400000000001
2025-08-05,13:00,0.2,2025-09-04,30,6336.63,6315.0,0.1439,2025,ok,6050.0,0.1922,0.1956,0.19390000000000002,37.0,37.67,0.6700000000000017,3.455389375967002,0.6399999999999888,3.3006704486848313,0.010810810810810773,True,3.4859521331945977,0.18780000000000002,0.18700000000000003,25.0,6308.400000000001
2025-08-05,13:00,0.25,2025-09-04,30,6336.63,6315.0,0.1439,2025,ok,6130.0,0.2519,0.2562,0.25405,48.900000000000006,49.75,0.8499999999999943,3.3457980712457953,0.8585074626866398,3.3792854268318826,0.008179959100204469,True,3.3743549027391593,0.1749,0.174,10.0,6308.400000000001
2025-08-15,10:00,0.15,2025-09-15,31,6477.38,6445.0,0.11900000000000001,2025,ok,6175.0,0.1491,0.1519,0.15050000000000002,24.25,24.67,0.4200000000000017,2.7906976744186154,0.4099999999999908,2.7242524916942905,0.30927835051546393,False,2.8169014084507156,0.1635,0.16258,25.0,6457.54
2025-08-15,10:00,0.2,2025-09-15,31,6477.38,6445.0,0.11900000000000001,2025,ok,6250.0,0.1985,0.20305,0.200775,32.150000000000006,33.025000000000006,0.875,4.358112314780226,0.7000000000000306,3.4864898518243335,0.19595645412130647,False,4.408060453400504,0.1512,0.15084999999999998,10.0,6457.54
2025-08-15,10:00,0.25,2025-09-15,31,6477.38,6445.0,0.11900000000000001,2025,ok,6310.0,0.2509,0.2556,0.25325,40.7,41.4,0.6999999999999957,2.7640671273445045,0.8099582898852717,3.198255833702949,0.18673218673218675,False,2.789956157831788,0.1413,0.14025,10.0,6457.54
2025-08-15,13:00,0.15,2025-09-15,31,6477.38,6445.0,0.1179,2025,ok,6175.0,0.14650000000000002,0.14952000000000001,0.14801000000000003,23.450000000000003,23.930000000000003,0.4800000000000004,3.2430241199918948,0.4499999999999893,3.0403351124923264,0.01279317697228148,True,3.276450511945395,0.16160000000000002,0.16082000000000002,25.0,6457.28
2025-08-15,13:00,0.2,2025-09-15,31,6477.38,6445.0,0.1179,2025,ok,6250.0,0.19690000000000002,0.20085000000000003,0.19887500000000002,31.55,32.2,0.6500000000000021,3.2683846637335114,0.6408536585366147,3.222394260397811,0.009508716323296265,True,3.30116810563739,0.15,0.1492,10.0,6457.28
2025-08-15,13:00,0.25,2025-09-15,31,6477.38,6445.0,0.1179,2025,ok,6310.0,0.2501,0.2552,0.25265,40.3,41.15,0.8500000000000014,3.3643380170195982,0.8386339937434563,3.3193508559012717,0.009925558312655052,True,3.3986405437824927,0.1405,0.13970000000000002,10.0,6457.28
2025-09-05,10:00,0.15,2025-10-06,31,6529.08,6455.0,0.1194,2025,ok,6225.0,0.1489,0.15166000000000002,0.15028000000000002,25.35,25.8,0.4499999999999993,2.9944104338567956,0.4300000000000094,2.8613255256854493,0.011834319526627246,True,3.0221625251846826,0.1694,0.16854,25.0,6520.8
2025-09-05,10:00,0.2,2025-10-06,31,6529.08,6455.0,0.1194,2025,ok,6310.0,0.2024,0.2062,0.20429999999999998,34.15,34.775000000000006,0.6250000000000071,3.059226627508601,0.6290856031128877,3.079224684840371,0.014641288433382138,True,3.0879446640316557,0.155,0.15415,10.0,6520.8
2025-09-05,10:00,0.25,2025-10-06,31,6529.08,6455.0,0.1194,2025,ok,6370.0,0.253,0.2579,0.25545,42.6,43.45,0.8500000000000014,3.327461342728524,0.8018826135104893,3.139098115132078,0.009389671361502481,True,3.3596837944664086,0.1447,0.1439,5.0,6520.8
2025-09-05,13:00,0.15,2025-10-06,31,6529.08,6455.0,0.1254,2025,ok,6175.0,0.1549,0.15768000000000001,0.15629,27.75,28.23,0.4800000000000004,3.0712137692750683,0.4599999999999888,2.9432465288885328,0.018018018018018018,True,3.098773402194967,0.17750000000000002,0.17666,25.0,6475.06
2025-09-05,13:00,0.2,2025-10-06,31,6529.08,6455.0,0.1254,2025,ok,6250.0,0.20090000000000002,0.20462000000000002,0.20276000000000002,35.75,36.410000000000004,0.6600000000000037,3.2550798974156816,0.6200000000000504,3.0578023278755686,0.013986013986013986,True,3.285216525634662,0.1648,0.16396,25.0,6475.06
2025-09-05,13:00,0.25,2025-10-06,31,6529.08,6455.0,0.1254,2025,ok,6310.0,0.24860000000000002,0.25305,0.250825,44.2,44.975,0.7749999999999986,3.0898036479617206,0.8011673151751559,3.19412863620116,0.013574660633484194,True,3.1174577634754566,0.15460000000000002,0.15365,10.0,6475.06
2025-09-17,10:00,0.15,2025-10-17,30,6604.87,6500.0,0.1316,2025,ok,6285.0,0.1494,0.1519,0.15065,27.6,28.05,0.4499999999999993,2.987056090275468,0.4387362637362666,2.9122885080402696,0.007246376811594177,True,3.0120481927710796,0.184,0.1832,5.0,6606.09
2025-09-17,10:00,0.2,2025-10-17,30,6604.87,6500.0,0.1316,2025,ok,6370.0,0.1986,0.2021,0.20035,36.400000000000006,37.05,0.6499999999999915,3.2443224357374167,0.6112637362637388,3.0509794672510044,0.005494505494505376,True,3.272910372608215,0.1696,0.1688,5.0,6606.09
2025-09-17,10:00,0.25,2025-10-17,30,6604.87,6500.0,0.1316,2025,ok,6435.0,0.24860000000000002,0.2531,0.25085,45.55,46.400000000000006,0.8500000000000085,3.3884791708192483,0.8120879120879136,3.2373446764517184,0.006586169045005583,True,3.419147224456993,0.15860000000000002,0.1579,5.0,6606.09
2025-09-17,13:00,0.15,2025-10-17,30,6604.87,6500.0,0.1353,2025,ok,6265.0,0.15,0.1526,0.1513,28.25,28.75,0.5,3.304692663582287,0.4486263736263809,2.965144571225254,0.010619469026548698,True,3.3333333333333335,0.18760000000000002,0.1869,5.0,6590.85
2025-09-17,13:00,0.2,2025-10-17,30,6604.87,6500.0,0.1353,2025,ok,6350.0,0.199,0.20220000000000002,0.2006,37.3,37.85,0.5500000000000043,2.741774675972105,0.623901098901087,3.110174969596645,0.005361930294906053,True,2.763819095477408,0.1736,0.1726,5.0,6590.85
2025-09-17,13:00,0.25,2025-10-17,30,6604.87,6500.0,0.1353,2025,ok,6415.0,0.2482,0.2525,0.25035,46.55,47.35,0.8000000000000043,3.1955262632314927,0.8184065934066129,3.2690497040407944,0.006444683136412552,True,3.2232070910556176,0.1627,0.16190000000000002,5.0,6590.85
2025-09-19,10:00,0.15,2025-10-20,31,6647.110000000001,6570.0,0.1226,2025,ok,6350.0,0.1544,0.15722,0.15581,27.200000000000003,27.680000000000003,0.4800000000000004,3.080675181310573,0.454999999999999,2.9202233489506386,0.014705882352941253,True,3.108808290155443,0.1703,0.1695,25.0,6647.400000000001
2025-09-19,10:00,0.2,2025-10-20,31,6647.110000000001,6570.0,0.1226,2025,ok,6425.0,0.201,0.20478000000000002,0.20289000000000001,35.2,35.86,0.6599999999999966,3.2529942333283874,0.6249999999999923,3.080486963379133,0.011363636363636322,True,3.2835820895522216,0.15810000000000002,0.15728,25.0,6647.400000000001
2025-09-19,10:00,0.25,2025-10-20,31,6647.110000000001,6570.0,0.1226,2025,ok,6490.0,0.2544,0.25905,0.256725,44.6,45.400000000000006,0.8000000000000043,3.1161748953160164,0.8434300341297114,3.2853443728881544,0.008968609865470979,True,3.144654088050331,0.14750000000000002,0.1466,10.0,6647.400000000001
2025-09-19,13:00,0.15,2025-10-20,31,6647.110000000001,6570.0,0.1253,2025,ok,6350.0,0.15330000000000002,0.15606,0.15468,27.200000000000003,27.680000000000003,0.4800000000000004,3.103180760279289,0.45999999999999863,2.973881561934307,0.014705882352941253,True,3.1311154598825857,0.1718,0.171,25.0,6651.76
2025-09-19,13:00,0.2,2025-10-20,31,6647.110000000001,6570.0,0.1253,2025,ok,6425.0,0.19940000000000002,0.20318000000000003,0.20129000000000002,35.25,35.93,0.6799999999999997,3.378210542004072,0.6349999999999932,3.154652491430241,0.008510638297872259,True,3.410230692076227,0.1598,0.15902,25.0,6651.76
2025-09-19,13:00,0.25,2025-10-20,31,6647.110000000001,6570.0,0.1253,2025,ok,6490.0,0.2523,0.25695,0.254625,44.75,45.6,0.8500000000000014,3.3382425135002514,0.8527303754266412,3.348965637414399,0.006703910614525076,True,3.369005152596121,0.1495,0.1487,10.0,6651.76
2025-09-30,10:00,0.15,2025-10-30,30,6656.1900000000005,6640.0,0.1327,2025,ok,6325.0,0.1443,0.14692000000000002,0.14561000000000002,26.75,27.240000000000002,0.490000000000002,3.365153492205219,0.4450000000000137,3.0561087837374745,0.07102803738317752,True,3.3957033957034093,0.1847,0.18396,25.0,6657.92
2025-09-30,10:00,0.2,2025-10-30,30,6656.1900000000005,6640.0,0.1327,2025,ok,6425.0,0.2031,0.20678,0.20494,37.650000000000006,38.34,0.6899999999999977,3.3668390748511645,0.6699999999999926,3.269249536449656,0.050464807436918946,True,3.397341211225986,0.1691,0.16832,25.0,6657.92
2025-09-30,10:00,0.25,2025-10-30,30,6656.1900000000005,6640.0,0.1327,2025,ok,6480.0,0.2457,0.25005,0.247875,45.7,46.525000000000006,0.8250000000000028,3.3282904689863955,0.8187617260788074,3.3031234536714367,0.048140043763676206,True,3.3577533577533694,0.16040000000000001,0.15955,10.0,6657.92
2025-09-30,13:00,0.15,2025-10-30,30,6656.1900000000005,6640.0,0.1335,2025,ok,6325.0,0.1482,0.15078,0.14949,27.75,28.22,0.46999999999999886,3.1440230115726724,0.4550000000000134,3.043681851628961,0.010810810810810836,True,3.171390013495269,0.1854,0.18460000000000001,25.0,6653.25
2025-09-30,13:00,0.2,2025-10-30,30,6656.1900000000005,6640.0,0.1335,2025,ok,6425.0,0.2076,0.21128,0.20944000000000002,38.75,39.44,0.6899999999999977,3.2944996180290187,0.659999999999993,3.1512605042016473,0.007741935483870894,True,3.3236994219653067,0.1694,0.16858,25.0,6653.25
2025-09-30,13:00,0.25,2025-10-30,30,6656.1900000000005,6640.0,0.1335,2025,ok,6480.0,0.2506,0.25505,0.25282499999999997,46.900000000000006,47.75,0.8499999999999943,3.3620092949668523,0.8333958724202708,3.296334905251739,0.008528784648187602,True,3.391859537110911,0.16040000000000001,0.15960000000000002,10.0,6653.25
2025-10-02,10:00,0.15,2025-11-03,32,6731.31,6680.0,0.1302,2025,ok,6400.0,0.1547,0.15732000000000002,0.15601,29.5,29.990000000000002,0.490000000000002,3.1408243061342347,0.46999999999998143,3.0126273956796448,0.006779661016949128,True,3.1674208144796507,0.1792,0.17842,25.0,6720.4800000000005
2025-10-02,10:00,0.2,2025-11-03,32,6731.31,6680.0,0.1302,2025,ok,6475.0,0.1978,0.20122,0.19951000000000002,37.6,38.24,0.6400000000000006,3.207859255175182,0.6200000000000262,3.107613653451086,0.010638297872340576,True,3.235591506572298,0.1675,0.16668000000000002,25.0,6720.4800000000005
2025-10-02,10:00,0.25,2025-11-03,32,6731.31,6680.0,0.1302,2025,ok,6540.0,0.24600000000000002,0.25020000000000003,0.24810000000000004,46.8,47.6,0.8000000000000043,3.2245062474808712,0.8221917808218827,3.313953167359462,0.008547008547008517,True,3.25203252032522,0.1572,0.1564,10.0,6720.4800000000005
2025-10-02,13:00,0.15,2025-11-03,32,6731.31,6680.0,0.1328,2025,ok,6375.0,0.1512,0.1537,0.15245,29.5,29.97,0.46999999999999886,3.0829780255821504,0.45499999999997964,2.9845851098719556,0.013559322033898256,True,3.108465608465601,0.1845,0.1837,25.0,6709.6
2025-10-02,13:00,0.2,2025-11-03,32,6731.31,6680.0,0.1328,2025,ok,6450.0,0.1923,0.19554,0.19391999999999998,37.35,37.97,0.6199999999999974,3.197194719471934,0.600000000000016,3.0940594059406767,0.008032128514056148,True,3.224128965158593,0.17270000000000002,0.17188,25.0,6709.6
2025-10-02,13:00,0.25,2025-11-03,32,6731.31,6680.0,0.1328,2025,ok,6530.0,0.2501,0.2543,0.2522,48.6,49.425000000000004,0.8250000000000028,3.271213322759726,0.8206378986866323,3.253917124054847,0.008230452674897236,True,3.2986805277888958,0.16,0.15914999999999999,10.0,6709.6
2025-10-10,10:00,0.15,2025-11-10,31,6740.49,6725.0,0.1302,2025,ok,6425.0,0.1497,0.15228,0.15099,28.200000000000003,28.680000000000003,0.4800000000000004,3.179018478044906,0.4599999999999941,3.0465593747929933,0.5319148936170214,False,3.2064128256513054,0.1804,0.17964,25.0,6752.150000000001
2025-10-10,10:00,0.2,2025-11-10,31,6740.49,6725.0,0.1302,2025,ok,6500.0,0.1922,0.1956,0.19390000000000002,36.1,36.74,0.6400000000000006,3.3006704486848917,0.6100000000000055,3.145951521402813,0.4155124653739612,False,3.32986472424558,0.1688,0.16802,25.0,6752.150000000001
2025-10-10,10:00,0.25,2025-11-10,31,6740.49,6725.0,0.1302,2025,ok,6575.0,0.248,0.2524,0.2502,46.7,47.56666666666667,0.8666666666666671,3.463895550226488,0.8277533039647246,3.308366522640786,0.32119914346895073,False,3.4946236559139803,0.157,0.15626666666666666,15.0,6752.150000000001
2025-10-10,13:00,0.15,2025-11-10,31,6740.49,6725.0,0.16740000000000002,2025,ok,6175.0,0.14550000000000002,0.14744000000000002,0.14647000000000002,36.150000000000006,36.620000000000005,0.46999999999999886,3.2088482283061297,0.4449999999999896,3.038164811906804,0.019363762102351193,True,3.2302405498281703,0.2426,0.24180000000000001,25.0,6613.68
2025-10-10,13:00,0.2,2025-11-10,31,6740.49,6725.0,0.16740000000000002,2025,ok,6300.0,0.2008,0.20352,0.20216,49.5,50.16,0.6599999999999966,3.2647407993668214,0.6399999999999968,3.1658092599920695,0.020202020202020204,True,3.286852589641417,0.2217,0.22086,25.0,6613.68
2025-10-10,13:00,0.25,2025-11-10,31,6740.49,6725.0,0.16740000000000002,2025,ok,6375.0,0.2444,0.24776,0.24608000000000002,60.150000000000006,60.980000000000004,0.8299999999999983,3.372886866059811,0.7999999999999656,3.2509752925876363,0.021612635078969312,True,3.3960720130932827,0.2089,0.20804,25.0,6613.68
2025-12-05,10:00,0.15,2026-01-05,31,6866.32,6795.0,0.12860000000000002,2025,ok,6550.0,0.1446,0.1472,0.1459,26.75,27.23,0.4800000000000004,3.289924605894451,0.44999999999998963,3.084304318025974,0.35514018691588783,False,3.3195020746887995,0.1754,0.1747,25.0,6882.610000000001
2025-12-05,10:00,0.2,2026-01-05,31,6866.32,6795.0,0.12860000000000002,2025,ok,6650.0,0.20350000000000001,0.20712000000000003,0.20531000000000002,37.65,38.31,0.6600000000000037,3.2146510155374974,0.6629870129869941,3.2291998099800012,0.25232403718459495,False,3.243243243243261,0.16060000000000002,0.15980000000000003,25.0,6882.610000000001
2025-12-05,10:00,0.25,2026-01-05,31,6866.32,6795.0,0.12860000000000002,2025,ok,6710.0,0.251,0.25555,0.25327500000000003,46.75,47.650000000000006,0.9000000000000057,3.5534498075214906,0.8580813347235787,3.387943281901406,0.20320855614973263,False,3.585657370517951,0.1519,0.1512,10.0,6882.610000000001
2025-12-05,13:00,0.15,2026-01-05,31,6866.32,6795.0,0.1255,2025,ok,6575.0,0.1563,0.15922,0.15776,27.950000000000003,28.480000000000004,0.5300000000000011,3.3595334685598446,0.4999999999999954,3.1693711967545344,0.010733452593917734,True,3.390914907229694,0.16670000000000001,0.166,25.0,6874.4800000000005
2025-12-05,13:00,0.2,2026-01-05,31,6866.32,6795.0,0.1255,2025,ok,6650.0,0.2044,0.20826,0.20633,36.7,37.42,0.7199999999999989,3.489555566325783,0.6892857142856945,3.340695557047906,0.010899182561307862,True,3.5225048923679005,0.156,0.1553,25.0,6874.4800000000005
2025-12-05,13:00,0.25,2026-01-05,31,6866.32,6795.0,0.1255,2025,ok,6710.0,0.2539,0.25855,0.25622500000000004,46.0,46.9,0.8999999999999986,3.5125378085666834,0.8876433785191986,3.4643121417472864,0.008695652173913012,True,3.5447026388341807,0.14750000000000002,0.1468,10.0,6874.4800000000005
2025-12-12,10:00,0.15,2026-01-12,31,6886.85,6845.0,0.11810000000000001,2025,ok,6575.0,0.1463,0.14900000000000002,0.14765,25.45,25.91,0.46000000000000085,3.1154757873349195,0.44499999999999507,3.013884185573959,0.019646365422396856,True,3.1442241968557814,0.1646,0.16386,25.0,6886.13
2025-12-12,10:00,0.2,2026-01-12,31,6886.85,6845.0,0.11810000000000001,2025,ok,6650.0,0.19110000000000002,0.19480000000000003,0.19295,33.099999999999994,33.74999999999999,0.6499999999999986,3.368748380409425,0.6050000000000287,3.135527338688928,0.012084592145015064,True,3.4013605442176793,0.1532,0.15246,25.0,6886.13
2025-12-12,10:00,0.25,2026-01-12,31,6886.85,6845.0,0.11810000000000001,2025,ok,6725.0,0.2519,0.25670000000000004,0.2543,43.85,44.7,0.8500000000000014,3.3425088478175438,0.842142857142834,3.3116117072073687,0.011402508551881414,True,3.3743549027391877,0.1419,0.14120000000000002,5.0,6886.13
2025-12-12,13:00,0.15,2026-01-12,31,6886.85,6845.0,0.12510000000000002,2025,ok,6500.0,0.1439,0.1464,0.14515,26.75,27.2,0.4499999999999993,3.100241129865651,0.4250000000000035,2.9280055115398103,0.018691588785046728,True,3.1271716469770623,0.1776,0.17682,25.0,6837.04
2025-12-12,13:00,0.2,2026-01-12,31,6886.85,6845.0,0.12510000000000002,2025,ok,6600.0,0.20140000000000002,0.20502,0.20321,37.25,37.92,0.6700000000000017,3.2970818365238013,0.6400000000000201,3.149451306530289,0.013422818791946308,True,3.326713008937446,0.1621,0.16132,25.0,6837.04
2025-12-12,13:00,0.25,2026-01-12,31,6886.85,6845.0,0.12510000000000002,2025,ok,6650.0,0.2393,0.24364000000000002,0.24147000000000002,44.3,45.12,0.8200000000000003,3.3958669814055584,0.7800000000000372,3.23021493353227,0.013544018058690778,True,3.4266610948600094,0.15430000000000002,0.15352000000000002,25.0,6837.04
