date,right,variant,c,k50,k20,bombs,credits,total_credit,anchor_pnl,unpaired_short,unpaired_long,cash,book,day_pnl,u_open,u_lo,u_hi,u_last
2026-08-03,PUT,anchor,0.05,205.0,175.0,1,[0.05],0.05,-3.8,0,0,-3.75,0.83,-2.92,198.54,198.25,208.67,206.67
2026-08-03,PUT,anchor,0.1,205.0,175.0,1,[0.1],0.1,-3.8,0,0,-3.7,0.83,-2.87,198.54,198.25,208.67,206.67
2026-08-03,PUT,anchor,0.25,205.0,175.0,1,[0.25],0.25,-3.8,0,0,-3.55,0.83,-2.72,198.54,198.25,208.67,206.67
2026-08-03,PUT,long_first,0.05,205.0,175.0,0,[],0.0,,0,1,-4.9,3.15,-1.75,198.54,198.25,208.67,206.67
2026-08-03,PUT,long_first,0.1,205.0,175.0,0,[],0.0,,0,1,-4.9,3.15,-1.75,198.54,198.25,208.67,206.67
2026-08-03,PUT,long_first,0.25,205.0,175.0,0,[],0.0,,0,1,-4.9,3.15,-1.75,198.54,198.25,208.67,206.67
2026-08-03,PUT,ladder3,0.05,205.0,175.0,0,[],0.0,,0,3,-25.15,17.6,-7.55,198.54,198.25,208.67,206.67
2026-08-03,PUT,ladder3,0.1,205.0,175.0,0,[],0.0,,0,3,-25.15,17.6,-7.55,198.54,198.25,208.67,206.67
2026-08-03,PUT,ladder3,0.25,205.0,175.0,0,[],0.0,,0,3,-25.15,17.6,-7.55,198.54,198.25,208.67,206.67
2026-08-03,PUT,short3,0.05,205.0,175.0,3,"[0.05, 0.05, 0.05]",0.15,,0,0,0.15,4.04,4.19,198.54,198.25,208.67,206.67
2026-08-03,PUT,short3,0.1,205.0,175.0,3,"[0.1, 0.1, 0.1]",0.3,,0,0,0.3,4.04,4.33,198.54,198.25,208.67,206.67
2026-08-03,PUT,short3,0.25,205.0,175.0,3,"[0.25, 0.25, 0.25]",0.75,,0,0,0.75,4.04,4.79,198.54,198.25,208.67,206.67
2026-08-03,CALL,anchor,0.05,205.0,230.0,0,[],0.0,3.5,1,0,6.45,-4.6,1.85,198.54,198.25,208.67,206.67
2026-08-03,CALL,anchor,0.1,205.0,230.0,0,[],0.0,3.5,1,0,6.45,-4.6,1.85,198.54,198.25,208.67,206.67
2026-08-03,CALL,anchor,0.25,205.0,230.0,0,[],0.0,3.5,1,0,6.45,-4.6,1.85,198.54,198.25,208.67,206.67
2026-08-03,CALL,long_first,0.05,205.0,230.0,1,[0.05],0.05,,0,0,0.05,1.25,1.3,198.54,198.25,208.67,206.67
2026-08-03,CALL,long_first,0.1,205.0,230.0,1,[0.1],0.1,,0,0,0.1,1.25,1.35,198.54,198.25,208.67,206.67
2026-08-03,CALL,long_first,0.25,205.0,230.0,1,[0.25],0.25,,0,0,0.25,1.25,1.5,198.54,198.25,208.67,206.67
2026-08-03,CALL,ladder3,0.05,205.0,230.0,3,"[0.05, 0.05, 0.05]",0.15,,0,0,0.15,5.55,5.7,198.54,198.25,208.67,206.67
2026-08-03,CALL,ladder3,0.1,205.0,230.0,3,"[0.1, 0.1, 0.1]",0.3,,0,0,0.3,5.55,5.85,198.54,198.25,208.67,206.67
2026-08-03,CALL,ladder3,0.25,205.0,230.0,3,"[0.25, 0.25, 0.25]",0.75,,0,0,0.75,5.55,6.3,198.54,198.25,208.67,206.67
2026-08-03,CALL,short3,0.05,205.0,230.0,0,[],0.0,,3,0,15.95,-23.3,-7.35,198.54,198.25,208.67,206.67
2026-08-03,CALL,short3,0.1,205.0,230.0,0,[],0.0,,3,0,15.95,-23.3,-7.35,198.54,198.25,208.67,206.67
2026-08-03,CALL,short3,0.25,205.0,230.0,0,[],0.0,,3,0,15.95,-23.3,-7.35,198.54,198.25,208.67,206.67
2026-08-04,PUT,anchor,0.05,215.0,190.0,0,[],0.0,-0.8,1,0,3.7,-4.25,-0.55,210.67,209.07,213.02,211.86
2026-08-04,PUT,anchor,0.1,215.0,190.0,0,[],0.0,-0.8,1,0,3.7,-4.25,-0.55,210.67,209.07,213.02,211.86
2026-08-04,PUT,anchor,0.25,215.0,190.0,0,[],0.0,-0.8,1,0,3.7,-4.25,-0.55,210.67,209.07,213.02,211.86
2026-08-04,PUT,long_first,0.05,215.0,190.0,0,[],0.0,,0,1,-5.95,5.45,-0.5,210.67,209.07,213.02,211.86
2026-08-04,PUT,long_first,0.1,215.0,190.0,0,[],0.0,,0,1,-5.95,5.45,-0.5,210.67,209.07,213.02,211.86
2026-08-04,PUT,long_first,0.25,215.0,190.0,0,[],0.0,,0,1,-5.95,5.45,-0.5,210.67,209.07,213.02,211.86
2026-08-04,PUT,ladder3,0.05,215.0,190.0,0,[],0.0,,0,3,-29.85,27.85,-2.0,210.67,209.07,213.02,211.86
2026-08-04,PUT,ladder3,0.1,215.0,190.0,0,[],0.0,,0,3,-29.85,27.85,-2.0,210.67,209.07,213.02,211.86
2026-08-04,PUT,ladder3,0.25,215.0,190.0,0,[],0.0,,0,3,-29.85,27.85,-2.0,210.67,209.07,213.02,211.86
2026-08-04,PUT,short3,0.05,215.0,190.0,0,[],0.0,,3,0,23.6,-22.5,1.1,210.67,209.07,213.02,211.86
2026-08-04,PUT,short3,0.1,215.0,190.0,0,[],0.0,,3,0,23.6,-22.5,1.1,210.67,209.07,213.02,211.86
2026-08-04,PUT,short3,0.25,215.0,190.0,0,[],0.0,,3,0,23.6,-22.5,1.1,210.67,209.07,213.02,211.86
2026-08-04,CALL,anchor,0.05,215.0,240.0,0,[],0.0,0.6,1,0,4.0,-3.9,0.1,210.67,209.07,213.02,211.86
2026-08-04,CALL,anchor,0.1,215.0,240.0,0,[],0.0,0.6,1,0,4.0,-3.9,0.1,210.67,209.07,213.02,211.86
2026-08-04,CALL,anchor,0.25,215.0,240.0,0,[],0.0,0.6,1,0,4.0,-3.9,0.1,210.67,209.07,213.02,211.86
2026-08-04,CALL,long_first,0.05,215.0,240.0,0,[],0.0,,0,1,-4.5,4.85,0.35,210.67,209.07,213.02,211.86
2026-08-04,CALL,long_first,0.1,215.0,240.0,0,[],0.0,,0,1,-4.5,4.85,0.35,210.67,209.07,213.02,211.86
2026-08-04,CALL,long_first,0.25,215.0,240.0,0,[],0.0,,0,1,-4.5,4.85,0.35,210.67,209.07,213.02,211.86
2026-08-04,CALL,ladder3,0.05,215.0,240.0,0,[],0.0,,0,3,-22.8,24.2,1.4,210.67,209.07,213.02,211.86
2026-08-04,CALL,ladder3,0.1,215.0,240.0,0,[],0.0,,0,3,-22.8,24.2,1.4,210.67,209.07,213.02,211.86
2026-08-04,CALL,ladder3,0.25,215.0,240.0,0,[],0.0,,0,3,-22.8,24.2,1.4,210.67,209.07,213.02,211.86
2026-08-04,CALL,short3,0.05,215.0,240.0,0,[],0.0,,3,0,17.85,-19.75,-1.9,210.67,209.07,213.02,211.86
2026-08-04,CALL,short3,0.1,215.0,240.0,0,[],0.0,,3,0,17.85,-19.75,-1.9,210.67,209.07,213.02,211.86
2026-08-04,CALL,short3,0.25,215.0,240.0,0,[],0.0,,3,0,17.85,-19.75,-1.9,210.67,209.07,213.02,211.86
2026-08-05,PUT,anchor,0.05,220.0,195.0,0,[],0.0,-1.35,1,0,2.8,-3.7,-0.9,217.92,217.92,222.16,219.2
2026-08-05,PUT,anchor,0.1,220.0,195.0,0,[],0.0,-1.35,1,0,2.8,-3.7,-0.9,217.92,217.92,222.16,219.2
2026-08-05,PUT,anchor,0.25,220.0,195.0,0,[],0.0,-1.35,1,0,2.8,-3.7,-0.9,217.92,217.92,222.16,219.2
2026-08-05,PUT,long_first,0.05,220.0,195.0,0,[],0.0,,0,1,-5.55,4.75,-0.8,217.92,217.92,222.16,219.2
2026-08-05,PUT,long_first,0.1,220.0,195.0,0,[],0.0,,0,1,-5.55,4.75,-0.8,217.92,217.92,222.16,219.2
2026-08-05,PUT,long_first,0.25,220.0,195.0,0,[],0.0,,0,1,-5.55,4.75,-0.8,217.92,217.92,222.16,219.2
2026-08-05,PUT,ladder3,0.05,220.0,195.0,0,[],0.0,,0,3,-28.05,24.8,-3.25,217.92,217.92,222.16,219.2
2026-08-05,PUT,ladder3,0.1,220.0,195.0,0,[],0.0,,0,3,-28.05,24.8,-3.25,217.92,217.92,222.16,219.2
2026-08-05,PUT,ladder3,0.25,220.0,195.0,0,[],0.0,,0,3,-28.05,24.8,-3.25,217.92,217.92,222.16,219.2
2026-08-05,PUT,short3,0.05,220.0,195.0,0,[],0.0,,3,0,22.0,-19.9,2.1,217.92,217.92,222.16,219.2
2026-08-05,PUT,short3,0.1,220.0,195.0,0,[],0.0,,3,0,22.0,-19.9,2.1,217.92,217.92,222.16,219.2
2026-08-05,PUT,short3,0.25,220.0,195.0,0,[],0.0,,3,0,22.0,-19.9,2.1,217.92,217.92,222.16,219.2
2026-08-05,CALL,anchor,0.05,220.0,250.0,0,[],0.0,0.3,1,0,3.85,-3.6,0.25,217.92,217.92,222.16,219.2
2026-08-05,CALL,anchor,0.1,220.0,250.0,0,[],0.0,0.3,1,0,3.85,-3.6,0.25,217.92,217.92,222.16,219.2
2026-08-05,CALL,anchor,0.25,220.0,250.0,0,[],0.0,0.3,1,0,3.85,-3.6,0.25,217.92,217.92,222.16,219.2
2026-08-05,CALL,long_first,0.05,220.0,250.0,0,[],0.0,,0,1,-4.55,4.45,-0.1,217.92,217.92,222.16,219.2
2026-08-05,CALL,long_first,0.1,220.0,250.0,0,[],0.0,,0,1,-4.55,4.45,-0.1,217.92,217.92,222.16,219.2
2026-08-05,CALL,long_first,0.25,220.0,250.0,0,[],0.0,,0,1,-4.55,4.45,-0.1,217.92,217.92,222.16,219.2
2026-08-05,CALL,ladder3,0.05,220.0,250.0,0,[],0.0,,0,3,-22.2,22.25,0.05,217.92,217.92,222.16,219.2
2026-08-05,CALL,ladder3,0.1,220.0,250.0,0,[],0.0,,0,3,-22.2,22.25,0.05,217.92,217.92,222.16,219.2
2026-08-05,CALL,ladder3,0.25,220.0,250.0,0,[],0.0,,0,3,-22.2,22.25,0.05,217.92,217.92,222.16,219.2
2026-08-05,CALL,short3,0.05,220.0,250.0,0,[],0.0,,3,0,17.6,-18.1,-0.5,217.92,217.92,222.16,219.2
2026-08-05,CALL,short3,0.1,220.0,250.0,0,[],0.0,,3,0,17.6,-18.1,-0.5,217.92,217.92,222.16,219.2
2026-08-05,CALL,short3,0.25,220.0,250.0,0,[],0.0,,3,0,17.6,-18.1,-0.5,217.92,217.92,222.16,219.2
2026-08-06,PUT,anchor,0.05,225.0,200.0,0,[],0.0,1.0,1,0,5.3,-4.8,0.5,220.97,217.34,223.5,218.96
2026-08-06,PUT,anchor,0.1,225.0,200.0,0,[],0.0,1.0,1,0,5.3,-4.8,0.5,220.97,217.34,223.5,218.96
2026-08-06,PUT,anchor,0.25,225.0,200.0,0,[],0.0,1.0,1,0,5.3,-4.8,0.5,220.97,217.34,223.5,218.96
2026-08-06,PUT,long_first,0.05,225.0,200.0,0,[],0.0,,0,1,-5.75,6.1,0.35,220.97,217.34,223.5,218.96
2026-08-06,PUT,long_first,0.1,225.0,200.0,0,[],0.0,,0,1,-5.75,6.1,0.35,220.97,217.34,223.5,218.96
2026-08-06,PUT,long_first,0.25,225.0,200.0,0,[],0.0,,0,1,-5.75,6.1,0.35,220.97,217.34,223.5,218.96
2026-08-06,PUT,ladder3,0.05,225.0,200.0,0,[],0.0,,0,3,-28.85,30.85,2.0,220.97,217.34,223.5,218.96
2026-08-06,PUT,ladder3,0.1,225.0,200.0,0,[],0.0,,0,3,-28.85,30.85,2.0,220.97,217.34,223.5,218.96
2026-08-06,PUT,ladder3,0.25,225.0,200.0,0,[],0.0,,0,3,-28.85,30.85,2.0,220.97,217.34,223.5,218.96
2026-08-06,PUT,short3,0.05,225.0,200.0,0,[],0.0,,3,0,22.75,-25.1,-2.35,220.97,217.34,223.5,218.96
2026-08-06,PUT,short3,0.1,225.0,200.0,0,[],0.0,,3,0,22.75,-25.1,-2.35,220.97,217.34,223.5,218.96
2026-08-06,PUT,short3,0.25,225.0,200.0,0,[],0.0,,3,0,22.75,-25.1,-2.35,220.97,217.34,223.5,218.96
2026-08-06,CALL,anchor,0.05,225.0,255.0,1,[0.05],0.05,-1.9,0,0,-1.85,0.69,-1.16,220.97,217.34,223.5,218.96
2026-08-06,CALL,anchor,0.1,225.0,255.0,1,[0.1],0.1,-1.9,0,0,-1.8,0.69,-1.11,220.97,217.34,223.5,218.96
2026-08-06,CALL,anchor,0.25,225.0,255.0,1,[0.25],0.25,-1.9,0,0,-1.65,0.69,-0.96,220.97,217.34,223.5,218.96
2026-08-06,CALL,long_first,0.05,225.0,255.0,0,[],0.0,,0,1,-4.0,3.0,-1.0,220.97,217.34,223.5,218.96
2026-08-06,CALL,long_first,0.1,225.0,255.0,0,[],0.0,,0,1,-4.0,3.0,-1.0,220.97,217.34,223.5,218.96
2026-08-06,CALL,long_first,0.25,225.0,255.0,0,[],0.0,,0,1,-4.0,3.0,-1.0,220.97,217.34,223.5,218.96
2026-08-06,CALL,ladder3,0.05,225.0,255.0,0,[],0.0,,0,3,-20.1,16.0,-4.1,220.97,217.34,223.5,218.96
2026-08-06,CALL,ladder3,0.1,225.0,255.0,0,[],0.0,,0,3,-20.1,16.0,-4.1,220.97,217.34,223.5,218.96
2026-08-06,CALL,ladder3,0.25,225.0,255.0,0,[],0.0,,0,3,-20.1,16.0,-4.1,220.97,217.34,223.5,218.96
2026-08-06,CALL,short3,0.05,225.0,255.0,3,"[0.05, 0.05, 0.05]",0.15,,0,0,0.15,3.5,3.65,220.97,217.34,223.5,218.96
2026-08-06,CALL,short3,0.1,225.0,255.0,3,"[0.1, 0.1, 0.1]",0.3,,0,0,0.3,3.5,3.8,220.97,217.34,223.5,218.96
2026-08-06,CALL,short3,0.25,225.0,255.0,3,"[0.25, 0.25, 0.25]",0.75,,0,0,0.75,3.5,4.25,220.97,217.34,223.5,218.96
2026-08-07,PUT,anchor,0.05,225.0,200.0,0,[],0.0,-1.3,1,0,2.6,-3.4,-0.8,221.17,220.75,224.68,223.9
2026-08-07,PUT,anchor,0.1,225.0,200.0,0,[],0.0,-1.3,1,0,2.6,-3.4,-0.8,221.17,220.75,224.68,223.9
2026-08-07,PUT,anchor,0.25,225.0,200.0,0,[],0.0,-1.3,1,0,2.6,-3.4,-0.8,221.17,220.75,224.68,223.9
2026-08-07,PUT,long_first,0.05,225.0,200.0,0,[],0.0,,0,1,-5.25,4.4,-0.85,221.17,220.75,224.68,223.9
2026-08-07,PUT,long_first,0.1,225.0,200.0,0,[],0.0,,0,1,-5.25,4.4,-0.85,221.17,220.75,224.68,223.9
2026-08-07,PUT,long_first,0.25,225.0,200.0,0,[],0.0,,0,1,-5.25,4.4,-0.85,221.17,220.75,224.68,223.9
2026-08-07,PUT,ladder3,0.05,225.0,200.0,0,[],0.0,,0,3,-26.9,23.65,-3.25,221.17,220.75,224.68,223.9
2026-08-07,PUT,ladder3,0.1,225.0,200.0,0,[],0.0,,0,3,-26.9,23.65,-3.25,221.17,220.75,224.68,223.9
2026-08-07,PUT,ladder3,0.25,225.0,200.0,0,[],0.0,,0,3,-26.9,23.65,-3.25,221.17,220.75,224.68,223.9
2026-08-07,PUT,short3,0.05,225.0,200.0,0,[],0.0,,3,0,21.0,-18.9,2.1,221.17,220.75,224.68,223.9
2026-08-07,PUT,short3,0.1,225.0,200.0,0,[],0.0,,3,0,21.0,-18.9,2.1,221.17,220.75,224.68,223.9
2026-08-07,PUT,short3,0.25,225.0,200.0,0,[],0.0,,3,0,21.0,-18.9,2.1,221.17,220.75,224.68,223.9
2026-08-07,CALL,anchor,0.05,225.0,255.0,0,[],0.0,-0.15,1,0,2.69,-2.71,-0.02,221.17,220.75,224.68,223.9
2026-08-07,CALL,anchor,0.1,225.0,255.0,0,[],0.0,-0.15,1,0,2.69,-2.71,-0.02,221.17,220.75,224.68,223.9
2026-08-07,CALL,anchor,0.25,225.0,255.0,0,[],0.0,-0.15,1,0,2.69,-2.71,-0.02,221.17,220.75,224.68,223.9
2026-08-07,CALL,long_first,0.05,225.0,255.0,0,[],0.0,,0,1,-3.75,3.45,-0.3,221.17,220.75,224.68,223.9
2026-08-07,CALL,long_first,0.1,225.0,255.0,0,[],0.0,,0,1,-3.75,3.45,-0.3,221.17,220.75,224.68,223.9
2026-08-07,CALL,long_first,0.25,225.0,255.0,0,[],0.0,,0,1,-3.75,3.45,-0.3,221.17,220.75,224.68,223.9
2026-08-07,CALL,ladder3,0.05,225.0,255.0,0,[],0.0,,0,3,-19.5,18.7,-0.8,221.17,220.75,224.68,223.9
2026-08-07,CALL,ladder3,0.1,225.0,255.0,0,[],0.0,,0,3,-19.5,18.7,-0.8,221.17,220.75,224.68,223.9
2026-08-07,CALL,ladder3,0.25,225.0,255.0,0,[],0.0,,0,3,-19.5,18.7,-0.8,221.17,220.75,224.68,223.9
2026-08-07,CALL,short3,0.05,225.0,255.0,0,[],0.0,,3,0,15.09,-14.86,0.23,221.17,220.75,224.68,223.9
2026-08-07,CALL,short3,0.1,225.0,255.0,0,[],0.0,,3,0,15.09,-14.86,0.23,221.17,220.75,224.68,223.9
2026-08-07,CALL,short3,0.25,225.0,255.0,0,[],0.0,,3,0,15.09,-14.86,0.23,221.17,220.75,224.68,223.9
2026-08-10,PUT,anchor,0.05,225.0,200.0,0,[],0.0,2.5,1,0,5.9,-4.45,1.45,223.48,216.81,223.75,217.55
2026-08-10,PUT,anchor,0.1,225.0,200.0,0,[],0.0,2.5,1,0,5.9,-4.45,1.45,223.48,216.81,223.75,217.55
2026-08-10,PUT,anchor,0.25,225.0,200.0,0,[],0.0,2.5,1,0,5.9,-4.45,1.45,223.48,216.81,223.75,217.55
2026-08-10,PUT,long_first,0.05,225.0,200.0,0,[],0.0,,0,1,-4.65,5.75,1.1,223.48,216.81,223.75,217.55
2026-08-10,PUT,long_first,0.1,225.0,200.0,0,[],0.0,,0,1,-4.65,5.75,1.1,223.48,216.81,223.75,217.55
2026-08-10,PUT,long_first,0.25,225.0,200.0,0,[],0.0,,0,1,-4.65,5.75,1.1,223.48,216.81,223.75,217.55
2026-08-10,PUT,ladder3,0.05,225.0,200.0,2,"[0.05, 0.05]",0.1,,0,1,-4.55,10.7,6.15,223.48,216.81,223.75,217.55
2026-08-10,PUT,ladder3,0.1,225.0,200.0,1,[0.1],0.1,,0,2,-12.4,18.2,5.8,223.48,216.81,223.75,217.55
2026-08-10,PUT,ladder3,0.25,225.0,200.0,0,[],0.0,,0,3,-24.9,30.25,5.35,223.48,216.81,223.75,217.55
2026-08-10,PUT,short3,0.05,225.0,200.0,0,[],0.0,,3,0,19.2,-24.3,-5.1,223.48,216.81,223.75,217.55
2026-08-10,PUT,short3,0.1,225.0,200.0,0,[],0.0,,3,0,19.2,-24.3,-5.1,223.48,216.81,223.75,217.55
2026-08-10,PUT,short3,0.25,225.0,200.0,0,[],0.0,,3,0,19.2,-24.3,-5.1,223.48,216.81,223.75,217.55
2026-08-10,CALL,anchor,0.05,225.0,250.0,1,[0.05],0.05,-2.65,0,0,-2.6,0.73,-1.87,223.48,216.81,223.75,217.55
2026-08-10,CALL,anchor,0.1,225.0,250.0,1,[0.1],0.1,-2.65,0,0,-2.55,0.73,-1.82,223.48,216.81,223.75,217.55
2026-08-10,CALL,anchor,0.25,225.0,250.0,1,[0.25],0.25,-2.65,0,0,-2.4,0.73,-1.67,223.48,216.81,223.75,217.55
2026-08-10,CALL,long_first,0.05,225.0,250.0,0,[],0.0,,0,1,-4.15,2.89,-1.26,223.48,216.81,223.75,217.55
2026-08-10,CALL,long_first,0.1,225.0,250.0,0,[],0.0,,0,1,-4.15,2.89,-1.26,223.48,216.81,223.75,217.55
2026-08-10,CALL,long_first,0.25,225.0,250.0,0,[],0.0,,0,1,-4.15,2.89,-1.26,223.48,216.81,223.75,217.55
2026-08-10,CALL,ladder3,0.05,225.0,250.0,0,[],0.0,,0,3,-22.0,16.19,-5.81,223.48,216.81,223.75,217.55
2026-08-10,CALL,ladder3,0.1,225.0,250.0,0,[],0.0,,0,3,-22.0,16.19,-5.81,223.48,216.81,223.75,217.55
2026-08-10,CALL,ladder3,0.25,225.0,250.0,0,[],0.0,,0,3,-22.0,16.19,-5.81,223.48,216.81,223.75,217.55
2026-08-10,CALL,short3,0.05,225.0,250.0,3,"[0.05, 0.05, 0.05]",0.15,,0,0,0.15,3.75,3.91,223.48,216.81,223.75,217.55
2026-08-10,CALL,short3,0.1,225.0,250.0,3,"[0.1, 0.1, 0.1]",0.3,,0,0,0.3,3.75,4.05,223.48,216.81,223.75,217.55
2026-08-10,CALL,short3,0.25,225.0,250.0,3,"[0.25, 0.25, 0.25]",0.75,,0,0,0.75,3.75,4.5,223.48,216.81,223.75,217.55
2026-08-11,PUT,anchor,0.05,225.0,200.0,0,[],0.0,1.1,1,0,4.75,-4.05,0.7,221.56,216.47,221.56,217.47
2026-08-11,PUT,anchor,0.1,225.0,200.0,0,[],0.0,1.1,1,0,4.75,-4.05,0.7,221.56,216.47,221.56,217.47
2026-08-11,PUT,anchor,0.25,225.0,200.0,0,[],0.0,1.1,1,0,4.75,-4.05,0.7,221.56,216.47,221.56,217.47
2026-08-11,PUT,long_first,0.05,225.0,200.0,0,[],0.0,,0,1,-5.0,5.3,0.3,221.56,216.47,221.56,217.47
2026-08-11,PUT,long_first,0.1,225.0,200.0,0,[],0.0,,0,1,-5.0,5.3,0.3,221.56,216.47,221.56,217.47
2026-08-11,PUT,long_first,0.25,225.0,200.0,0,[],0.0,,0,1,-5.0,5.3,0.3,221.56,216.47,221.56,217.47
2026-08-11,PUT,ladder3,0.05,225.0,200.0,0,[],0.0,,0,3,-26.75,28.8,2.05,221.56,216.47,221.56,217.47
2026-08-11,PUT,ladder3,0.1,225.0,200.0,0,[],0.0,,0,3,-26.75,28.8,2.05,221.56,216.47,221.56,217.47
2026-08-11,PUT,ladder3,0.25,225.0,200.0,0,[],0.0,,0,3,-26.75,28.8,2.05,221.56,216.47,221.56,217.47
2026-08-11,PUT,short3,0.05,225.0,200.0,0,[],0.0,,3,0,20.65,-22.95,-2.3,221.56,216.47,221.56,217.47
2026-08-11,PUT,short3,0.1,225.0,200.0,0,[],0.0,,3,0,20.65,-22.95,-2.3,221.56,216.47,221.56,217.47
2026-08-11,PUT,short3,0.25,225.0,200.0,0,[],0.0,,3,0,20.65,-22.95,-2.3,221.56,216.47,221.56,217.47
2026-08-11,CALL,anchor,0.05,225.0,250.0,1,[0.05],0.05,-2.05,0,0,-2.0,0.65,-1.35,221.56,216.47,221.56,217.47
2026-08-11,CALL,anchor,0.1,225.0,250.0,1,[0.1],0.1,-2.05,0,0,-1.95,0.65,-1.31,221.56,216.47,221.56,217.47
2026-08-11,CALL,anchor,0.25,225.0,250.0,1,[0.25],0.25,-2.05,0,0,-1.8,0.65,-1.16,221.56,216.47,221.56,217.47
2026-08-11,CALL,long_first,0.05,225.0,250.0,0,[],0.0,,0,1,-3.55,2.46,-1.09,221.56,216.47,221.56,217.47
2026-08-11,CALL,long_first,0.1,225.0,250.0,0,[],0.0,,0,1,-3.55,2.46,-1.09,221.56,216.47,221.56,217.47
2026-08-11,CALL,long_first,0.25,225.0,250.0,0,[],0.0,,0,1,-3.55,2.46,-1.09,221.56,216.47,221.56,217.47
2026-08-11,CALL,ladder3,0.05,225.0,250.0,0,[],0.0,,0,3,-19.4,14.66,-4.74,221.56,216.47,221.56,217.47
2026-08-11,CALL,ladder3,0.1,225.0,250.0,0,[],0.0,,0,3,-19.4,14.66,-4.74,221.56,216.47,221.56,217.47
2026-08-11,CALL,ladder3,0.25,225.0,250.0,0,[],0.0,,0,3,-19.4,14.66,-4.74,221.56,216.47,221.56,217.47
2026-08-11,CALL,short3,0.05,225.0,250.0,3,"[0.05, 0.05, 0.05]",0.15,,0,0,0.15,3.62,3.77,221.56,216.47,221.56,217.47
2026-08-11,CALL,short3,0.1,225.0,250.0,3,"[0.1, 0.1, 0.1]",0.3,,0,0,0.3,3.62,3.92,221.56,216.47,221.56,217.47
2026-08-11,CALL,short3,0.25,225.0,250.0,3,"[0.25, 0.25, 0.25]",0.75,,0,0,0.75,3.62,4.37,221.56,216.47,221.56,217.47
2026-08-12,PUT,anchor,0.05,225.0,200.0,0,[],0.0,-1.3,1,0,1.85,-2.86,-1.01,221.59,220.63,224.96,224.12
2026-08-12,PUT,anchor,0.1,225.0,200.0,0,[],0.0,-1.3,1,0,1.85,-2.86,-1.01,221.59,220.63,224.96,224.12
2026-08-12,PUT,anchor,0.25,225.0,200.0,0,[],0.0,-1.3,1,0,1.85,-2.86,-1.01,221.59,220.63,224.96,224.12
2026-08-12,PUT,long_first,0.05,225.0,200.0,0,[],0.0,,0,1,-4.4,3.8,-0.6,221.59,220.63,224.96,224.12
2026-08-12,PUT,long_first,0.1,225.0,200.0,0,[],0.0,,0,1,-4.4,3.8,-0.6,221.59,220.63,224.96,224.12
2026-08-12,PUT,long_first,0.25,225.0,200.0,0,[],0.0,,0,1,-4.4,3.8,-0.6,221.59,220.63,224.96,224.12
2026-08-12,PUT,ladder3,0.05,225.0,200.0,0,[],0.0,,0,3,-24.45,21.65,-2.8,221.59,220.63,224.96,224.12
2026-08-12,PUT,ladder3,0.1,225.0,200.0,0,[],0.0,,0,3,-24.45,21.65,-2.8,221.59,220.63,224.96,224.12
2026-08-12,PUT,ladder3,0.25,225.0,200.0,0,[],0.0,,0,3,-24.45,21.65,-2.8,221.59,220.63,224.96,224.12
2026-08-12,PUT,short3,0.05,225.0,200.0,0,[],0.0,,3,0,18.5,-16.96,1.54,221.59,220.63,224.96,224.12
2026-08-12,PUT,short3,0.1,225.0,200.0,0,[],0.0,,3,0,18.5,-16.96,1.54,221.59,220.63,224.96,224.12
2026-08-12,PUT,short3,0.25,225.0,200.0,0,[],0.0,,3,0,18.5,-16.96,1.54,221.59,220.63,224.96,224.12
2026-08-12,CALL,anchor,0.05,225.0,250.0,0,[],0.0,1.1,1,0,3.56,-3.1,0.46,221.59,220.63,224.96,224.12
2026-08-12,CALL,anchor,0.1,225.0,250.0,0,[],0.0,1.1,1,0,3.56,-3.1,0.46,221.59,220.63,224.96,224.12
2026-08-12,CALL,anchor,0.25,225.0,250.0,0,[],0.0,1.1,1,0,3.56,-3.1,0.46,221.59,220.63,224.96,224.12
2026-08-12,CALL,long_first,0.05,225.0,250.0,0,[],0.0,,0,1,-3.45,3.95,0.5,221.59,220.63,224.96,224.12
2026-08-12,CALL,long_first,0.1,225.0,250.0,0,[],0.0,,0,1,-3.45,3.95,0.5,221.59,220.63,224.96,224.12
2026-08-12,CALL,long_first,0.25,225.0,250.0,0,[],0.0,,0,1,-3.45,3.95,0.5,221.59,220.63,224.96,224.12
2026-08-12,CALL,ladder3,0.05,225.0,250.0,0,[],0.0,,0,3,-19.25,21.65,2.4,221.59,220.63,224.96,224.12
2026-08-12,CALL,ladder3,0.1,225.0,250.0,0,[],0.0,,0,3,-19.25,21.65,2.4,221.59,220.63,224.96,224.12
2026-08-12,CALL,ladder3,0.25,225.0,250.0,0,[],0.0,,0,3,-19.25,21.65,2.4,221.59,220.63,224.96,224.12
2026-08-12,CALL,short3,0.05,225.0,250.0,0,[],0.0,,3,0,14.41,-17.25,-2.84,221.59,220.63,224.96,224.12
2026-08-12,CALL,short3,0.1,225.0,250.0,0,[],0.0,,3,0,14.41,-17.25,-2.84,221.59,220.63,224.96,224.12
2026-08-12,CALL,short3,0.25,225.0,250.0,0,[],0.0,,3,0,14.41,-17.25,-2.84,221.59,220.63,224.96,224.12
2026-08-13,PUT,anchor,0.05,230.0,205.0,0,[],0.0,0.25,1,0,3.6,-3.55,0.05,224.48,223.78,226.75,225.36
2026-08-13,PUT,anchor,0.1,230.0,205.0,0,[],0.0,0.25,1,0,3.6,-3.55,0.05,224.48,223.78,226.75,225.36
2026-08-13,PUT,anchor,0.25,230.0,205.0,0,[],0.0,0.25,1,0,3.6,-3.55,0.05,224.48,223.78,226.75,225.36
2026-08-13,PUT,long_first,0.05,230.0,205.0,0,[],0.0,,0,1,-4.65,4.7,0.05,224.48,223.78,226.75,225.36
2026-08-13,PUT,long_first,0.1,230.0,205.0,0,[],0.0,,0,1,-4.65,4.7,0.05,224.48,223.78,226.75,225.36
2026-08-13,PUT,long_first,0.25,230.0,205.0,0,[],0.0,,0,1,-4.65,4.7,0.05,224.48,223.78,226.75,225.36
2026-08-13,PUT,ladder3,0.05,230.0,205.0,0,[],0.0,,0,3,-25.6,26.0,0.4,224.48,223.78,226.75,225.36
2026-08-13,PUT,ladder3,0.1,230.0,205.0,0,[],0.0,,0,3,-25.6,26.0,0.4,224.48,223.78,226.75,225.36
2026-08-13,PUT,ladder3,0.25,230.0,205.0,0,[],0.0,,0,3,-25.6,26.0,0.4,224.48,223.78,226.75,225.36
2026-08-13,PUT,short3,0.05,230.0,205.0,0,[],0.0,,3,0,19.5,-20.5,-1.0,224.48,223.78,226.75,225.36
2026-08-13,PUT,short3,0.1,230.0,205.0,0,[],0.0,,3,0,19.5,-20.5,-1.0,224.48,223.78,226.75,225.36
2026-08-13,PUT,short3,0.25,230.0,205.0,0,[],0.0,,3,0,19.5,-20.5,-1.0,224.48,223.78,226.75,225.36
2026-08-13,CALL,anchor,0.05,230.0,255.0,0,[],0.0,-0.7,1,0,1.84,-2.3,-0.46,224.48,223.78,226.75,225.36
2026-08-13,CALL,anchor,0.1,230.0,255.0,0,[],0.0,-0.7,1,0,1.84,-2.3,-0.46,224.48,223.78,226.75,225.36
2026-08-13,CALL,anchor,0.25,230.0,255.0,0,[],0.0,-0.7,1,0,1.84,-2.3,-0.46,224.48,223.78,226.75,225.36
2026-08-13,CALL,long_first,0.05,230.0,255.0,0,[],0.0,,0,1,-3.45,3.0,-0.45,224.48,223.78,226.75,225.36
2026-08-13,CALL,long_first,0.1,230.0,255.0,0,[],0.0,,0,1,-3.45,3.0,-0.45,224.48,223.78,226.75,225.36
2026-08-13,CALL,long_first,0.25,230.0,255.0,0,[],0.0,,0,1,-3.45,3.0,-0.45,224.48,223.78,226.75,225.36
2026-08-13,CALL,ladder3,0.05,230.0,255.0,0,[],0.0,,0,3,-18.9,17.15,-1.75,224.48,223.78,226.75,225.36
2026-08-13,CALL,ladder3,0.1,230.0,255.0,0,[],0.0,,0,3,-18.9,17.15,-1.75,224.48,223.78,226.75,225.36
2026-08-13,CALL,ladder3,0.25,230.0,255.0,0,[],0.0,,0,3,-18.9,17.15,-1.75,224.48,223.78,226.75,225.36
2026-08-13,CALL,short3,0.05,230.0,255.0,0,[],0.0,,3,0,14.34,-13.4,0.94,224.48,223.78,226.75,225.36
2026-08-13,CALL,short3,0.1,230.0,255.0,0,[],0.0,,3,0,14.34,-13.4,0.94,224.48,223.78,226.75,225.36
2026-08-13,CALL,short3,0.25,230.0,255.0,0,[],0.0,,3,0,14.34,-13.4,0.94,224.48,223.78,226.75,225.36
2026-08-14,PUT,anchor,0.05,230.0,205.0,0,[],0.0,0.35,1,0,3.45,-3.25,0.2,226.73,224.63,227.22,225.13
2026-08-14,PUT,anchor,0.1,230.0,205.0,0,[],0.0,0.35,1,0,3.45,-3.25,0.2,226.73,224.63,227.22,225.13
2026-08-14,PUT,anchor,0.25,230.0,205.0,0,[],0.0,0.35,1,0,3.45,-3.25,0.2,226.73,224.63,227.22,225.13
2026-08-14,PUT,long_first,0.05,230.0,205.0,0,[],0.0,,0,1,-4.35,4.35,0.0,226.73,224.63,227.22,225.13
2026-08-14,PUT,long_first,0.1,230.0,205.0,0,[],0.0,,0,1,-4.35,4.35,0.0,226.73,224.63,227.22,225.13
2026-08-14,PUT,long_first,0.25,230.0,205.0,0,[],0.0,,0,1,-4.35,4.35,0.0,226.73,224.63,227.22,225.13
2026-08-14,PUT,ladder3,0.05,230.0,205.0,0,[],0.0,,0,3,-24.35,24.85,0.5,226.73,224.63,227.22,225.13
2026-08-14,PUT,ladder3,0.1,230.0,205.0,0,[],0.0,,0,3,-24.35,24.85,0.5,226.73,224.63,227.22,225.13
2026-08-14,PUT,ladder3,0.25,230.0,205.0,0,[],0.0,,0,3,-24.35,24.85,0.5,226.73,224.63,227.22,225.13
2026-08-14,PUT,short3,0.05,230.0,205.0,0,[],0.0,,3,0,18.5,-19.45,-0.95,226.73,224.63,227.22,225.13
2026-08-14,PUT,short3,0.1,230.0,205.0,0,[],0.0,,3,0,18.5,-19.45,-0.95,226.73,224.63,227.22,225.13
2026-08-14,PUT,short3,0.25,230.0,205.0,0,[],0.0,,3,0,18.5,-19.45,-0.95,226.73,224.63,227.22,225.13
2026-08-14,CALL,anchor,0.05,230.0,255.0,0,[],0.0,-1.25,1,0,1.24,-2.12,-0.88,226.73,224.63,227.22,225.13
2026-08-14,CALL,anchor,0.1,230.0,255.0,0,[],0.0,-1.25,1,0,1.24,-2.12,-0.88,226.73,224.63,227.22,225.13
2026-08-14,CALL,anchor,0.25,230.0,255.0,0,[],0.0,-1.25,1,0,1.24,-2.12,-0.88,226.73,224.63,227.22,225.13
2026-08-14,CALL,long_first,0.05,230.0,255.0,0,[],0.0,,0,1,-3.4,2.78,-0.62,226.73,224.63,227.22,225.13
2026-08-14,CALL,long_first,0.1,230.0,255.0,0,[],0.0,,0,1,-3.4,2.78,-0.62,226.73,224.63,227.22,225.13
2026-08-14,CALL,long_first,0.25,230.0,255.0,0,[],0.0,,0,1,-3.4,2.78,-0.62,226.73,224.63,227.22,225.13
2026-08-14,CALL,ladder3,0.05,230.0,255.0,0,[],0.0,,0,3,-18.95,16.08,-2.87,226.73,224.63,227.22,225.13
2026-08-14,CALL,ladder3,0.1,230.0,255.0,0,[],0.0,,0,3,-18.95,16.08,-2.87,226.73,224.63,227.22,225.13
2026-08-14,CALL,ladder3,0.25,230.0,255.0,0,[],0.0,,0,3,-18.95,16.08,-2.87,226.73,224.63,227.22,225.13
2026-08-14,CALL,short3,0.05,230.0,255.0,0,[],0.0,,3,0,14.29,-12.52,1.77,226.73,224.63,227.22,225.13
2026-08-14,CALL,short3,0.1,230.0,255.0,0,[],0.0,,3,0,14.29,-12.52,1.77,226.73,224.63,227.22,225.13
2026-08-14,CALL,short3,0.25,230.0,255.0,0,[],0.0,,3,0,14.29,-12.52,1.77,226.73,224.63,227.22,225.13
