date,start,bombs,credit,anchor,unpaired,net,rng,k20,mark
2024-01-03,09:35,1,0.5,5.1,True,-11.6,22.2,4580.0,0.85
2024-01-03,10:30,1,0.5,1.7,True,-11.6,22.2,4575.0,0.8
2024-01-04,09:35,1,0.5,2.7,True,-9.1,30.2,4565.0,0.8
2024-01-04,10:30,1,0.5,5.5,True,-9.1,30.2,4575.0,0.85
2024-01-05,09:35,2,1.0,0.3,True,-3.9,35.4,4565.0,0.8
2024-01-05,10:30,0,0.0,7.8,True,-3.9,35.4,4585.0,0.95
2024-01-10,09:35,1,0.5,-4.3,False,6.5,31.4,4645.0,0.7
2024-01-10,10:30,1,0.5,-4.7,False,6.5,31.4,4640.0,0.7
2024-01-17,09:35,3,1.5,-4.2,False,5.4,27.8,4575.0,0.7
2024-01-17,10:30,1,0.5,-1.1,True,5.4,27.8,4585.0,0.8
2024-01-24,09:35,0,0.0,10.3,True,-19.5,32.7,4775.0,0.95
2024-01-24,10:30,0,0.0,10.5,True,-19.5,32.7,4775.0,0.95
2024-01-25,09:35,0,0.0,1.6,True,-3.7,25.4,4765.0,0.75
2024-01-25,10:30,0,0.0,3.6,True,-3.7,25.4,4770.0,0.8
2024-01-26,09:35,1,0.5,1.2,True,-6.9,23.1,4770.0,0.7
2024-01-26,10:30,0,0.0,2.3,True,-6.9,23.1,4770.0,0.7
2024-01-30,09:35,2,1.0,-2.9,False,1.6,12.7,4795.0,0.9
2024-01-30,10:30,2,1.0,-4.1,False,1.6,12.7,4795.0,0.9
2024-02-02,09:35,1,0.5,-25.1,False,53.2,61.8,4775.0,0.4
2024-02-02,10:30,1,0.5,-19.5,False,53.2,61.8,4790.0,0.5
2024-02-07,09:35,1,0.5,-9.3,False,17.6,27.7,4850.0,0.65
2024-02-07,10:30,0,0.0,-1.4,True,17.6,27.7,4870.0,0.7
2024-02-08,09:35,0,0.0,-3.8,True,0.7,11.6,4865.0,0.75
2024-02-08,10:30,0,0.0,-2.8,True,0.7,11.6,4865.0,0.75
2024-02-09,09:35,1,0.5,-8.8,False,16.8,24.9,4880.0,0.65
2024-02-09,10:30,1,0.5,-6.2,False,16.8,24.9,4885.0,0.7
2024-02-14,09:35,2,1.0,-9.5,False,16.1,35.5,4835.0,0.6
2024-02-14,10:30,0,0.0,-3.9,True,16.1,35.5,4850.0,0.7
2024-02-21,09:35,3,1.5,-7.5,False,9.8,23.0,4800.0,0.6
2024-02-21,10:30,2,1.0,-5.6,False,9.8,23.0,4805.0,0.65
2024-02-27,09:35,1,0.5,-5.5,False,6.5,17.8,4935.0,0.6
2024-02-27,10:30,0,0.0,-4.3,True,6.5,17.8,4940.0,0.65
2024-02-28,09:35,1,0.5,-4.2,True,5.5,15.1,4925.0,0.65
2024-03-06,09:35,1,0.5,2.3,True,-3.6,31.9,4970.0,0.8
2024-03-06,10:30,1,0.5,-4.0,True,-3.6,31.9,4955.0,0.7
2024-03-13,09:35,0,0.0,-0.7,True,-3.7,20.6,5035.0,0.8
2024-03-13,10:30,1,0.5,-1.8,True,-3.7,20.6,5030.0,0.8
2024-03-20,09:35,1,0.5,-20.7,False,37.2,51.5,5030.0,0.5
2024-03-20,10:30,1,0.5,-16.8,False,37.2,51.5,5040.0,0.5
2024-03-21,09:35,0,0.0,1.5,True,-5.5,17.6,5120.0,0.8
2024-03-21,10:30,0,0.0,4.8,True,-5.5,17.6,5125.0,0.85
2024-03-27,09:35,1,0.5,-6.2,False,7.8,29.1,5100.0,0.7
2024-03-27,10:30,1,0.5,-13.6,False,7.8,29.1,5085.0,0.55
2024-04-03,09:35,1,0.5,-10.8,False,13.2,26.2,5040.0,0.65
2024-04-03,10:30,2,1.0,1.2,True,13.2,26.2,5070.0,0.8
2024-04-10,09:35,5,2.5,-8.4,False,13.0,38.1,4975.0,0.7
2024-04-10,10:30,1,0.5,-1.7,True,13.0,38.1,4990.0,0.7
2024-04-17,09:35,0,0.0,19.5,True,-40.1,65.7,4875.0,0.95
2024-04-17,10:30,0,0.0,13.8,True,-40.1,65.7,4865.0,0.9
2024-04-24,09:35,0,0.0,1.5,True,-6.3,37.6,4910.0,0.9
2024-04-24,10:30,0,0.0,1.2,True,-6.3,37.6,4910.0,0.9
2024-05-01,09:35,1,0.5,-12.4,False,18.2,74.3,4860.0,0.7
2024-05-01,10:30,3,1.5,-17.1,False,18.2,74.3,4850.0,0.65
2024-05-02,09:35,1,0.5,-7.8,True,11.9,59.2,4885.0,0.8
2024-05-02,10:30,1,0.5,-13.2,False,11.9,59.2,4870.0,0.65
2024-05-03,09:35,2,1.0,-6.9,False,8.3,30.6,4970.0,0.75
2024-05-03,10:30,1,0.5,-10.1,False,8.3,30.6,4960.0,0.7
2024-05-08,09:35,1,0.5,-12.2,False,20.9,21.2,5025.0,0.7
2024-05-08,10:30,1,0.5,-5.9,False,20.9,21.2,5040.0,0.75
2024-05-09,09:35,1,0.5,-12.8,False,21.3,29.2,5045.0,0.65
2024-05-09,10:30,1,0.5,-10.3,False,21.3,29.2,5055.0,0.65
2024-05-10,09:35,0,0.0,4.3,True,-13.1,27.4,5100.0,0.9
2024-05-10,10:30,1,0.5,-2.9,False,-13.1,27.4,5085.0,0.8
2024-05-14,09:35,1,0.5,-13.4,False,21.6,29.9,5070.0,0.6
2024-05-15,09:35,1,0.5,-15.9,False,28.3,40.1,5135.0,0.55
2024-05-15,10:30,1,0.5,-15.5,False,28.3,40.1,5140.0,0.6
2024-05-21,09:35,1,0.5,-10.1,False,14.7,17.9,5170.0,0.8
2024-05-22,09:35,0,0.0,12.5,True,-23.7,34.5,5190.0,0.9
2024-05-22,10:30,0,0.0,14.3,True,-23.7,34.5,5195.0,0.9
2024-05-29,09:35,1,0.5,-5.4,False,9.1,17.4,5110.0,0.6
2024-05-29,10:30,1,0.5,0.8,True,9.1,17.4,5125.0,0.65
2024-06-04,09:35,2,1.0,-10.9,False,22.7,38.2,5110.0,0.6
2024-06-04,10:30,1,0.5,-5.4,False,22.7,38.2,5125.0,0.7
2024-06-05,09:35,1,0.5,-15.7,False,30.5,50.3,5170.0,0.55
2024-06-05,10:30,1,0.5,-15.5,False,30.5,50.3,5170.0,0.55
2024-06-10,09:35,1,0.5,-12.5,False,19.6,30.7,5200.0,0.7
2024-06-10,10:30,1,0.5,-9.7,False,19.6,30.7,5205.0,0.7
2024-06-12,09:35,1,0.5,-5.6,False,0.1,32.3,5290.0,0.65
2024-06-12,10:30,1,0.5,7.2,True,0.1,32.3,5315.0,0.85
2024-06-17,09:35,1,0.5,-22.4,False,51.1,66.3,5285.0,0.45
2024-06-17,10:30,1,0.5,-22.2,False,51.1,66.3,5290.0,0.5
2024-06-21,09:35,2,1.0,-1.3,False,-6.5,23.5,5325.0,0.75
2024-06-21,10:30,2,1.0,-1.9,False,-6.5,23.5,5320.0,0.7
2024-06-26,09:35,1,0.5,-8.3,False,11.1,20.9,5315.0,0.6
2024-06-26,10:30,2,1.0,-6.8,False,11.1,20.9,5320.0,0.7
2024-07-01,09:35,1,0.5,-1.4,False,-7.1,29.4,5335.0,0.75
2024-07-01,10:30,1,0.5,-6.7,False,-7.1,29.4,5320.0,0.65
2024-07-17,09:35,0,0.0,12.3,True,-21.1,34.6,5460.0,0.85
2024-07-17,10:30,0,0.0,6.4,True,-21.1,34.6,5450.0,0.8
2024-07-31,09:35,1,0.5,-17.7,False,32.7,54.0,5305.0,0.65
2024-07-31,10:30,4,2.0,-7.1,False,32.7,54.0,5330.0,0.8
2024-08-07,09:35,2,1.0,49.7,True,-78.8,118.6,5045.0,1.0
2024-08-07,10:30,1,0.5,48.1,True,-78.8,118.6,5040.0,1.15
2024-08-14,09:35,1,0.5,-14.1,False,12.5,45.2,5230.0,0.65
2024-08-14,10:30,1,0.5,-13.1,False,12.5,45.2,5230.0,0.65
2024-08-21,09:35,2,1.0,-3.8,True,6.9,36.9,5415.0,0.6
2024-08-21,10:30,2,1.0,-1.5,True,6.9,36.9,5420.0,0.7
2024-08-28,09:35,0,0.0,12.9,True,-25.3,59.4,5435.0,0.75
2024-08-28,10:30,0,0.0,13.8,True,-25.3,59.4,5435.0,0.75
2024-08-29,09:35,1,0.5,12.8,True,-27.1,55.0,5435.0,0.7
2024-08-29,10:30,2,1.0,15.8,True,-27.1,55.0,5445.0,0.8
2024-08-30,09:35,2,1.0,-5.9,False,6.8,44.5,5445.0,0.35
2024-08-30,10:30,2,1.0,-5.3,False,6.8,44.5,5445.0,0.35
2024-09-18,09:35,2,1.0,2.7,False,-14.2,56.0,5410.0,0.7
2024-09-18,10:30,1,0.5,5.8,True,-14.2,56.0,5420.0,0.7
2024-09-25,09:35,0,0.0,7.5,True,-19.2,24.7,5555.0,0.7
2024-09-25,10:30,0,0.0,5.4,True,-19.2,24.7,5555.0,0.7
2024-09-26,09:35,0,0.0,4.1,True,-13.3,36.1,5575.0,0.7
2024-10-01,09:35,0,0.0,11.0,True,-22.8,50.5,5520.0,0.8
2024-10-01,10:30,4,2.0,-10.6,False,-22.8,50.5,5455.0,0.55
2024-10-16,09:35,1,0.5,-17.7,False,28.0,35.8,5560.0,0.55
2024-10-16,10:30,1,0.5,-10.1,False,28.0,35.8,5580.0,0.6
2024-10-29,09:35,1,0.5,-20.0,False,38.5,42.9,5545.0,0.55
2024-10-29,10:30,1,0.5,-10.1,False,38.5,42.9,5575.0,0.6
2024-10-30,09:35,2,1.0,1.7,True,-4.2,34.2,5580.0,0.7
2024-10-30,10:30,0,0.0,10.9,True,-4.2,34.2,5600.0,0.8
2024-11-06,09:35,1,0.5,-16.2,False,36.4,60.2,5705.0,0.55
2024-11-06,10:30,1,0.5,-14.6,False,36.4,60.2,5705.0,0.55
2024-11-12,09:35,0,0.0,4.1,True,-14.4,45.0,5820.0,0.7
2024-11-13,09:35,1,0.5,-5.5,False,2.6,32.8,5815.0,0.6
2024-11-13,10:30,1,0.5,-11.0,False,2.6,32.8,5800.0,0.6
2024-11-20,09:35,0,0.0,1.1,True,2.2,47.8,5705.0,0.75
2024-11-20,10:30,2,1.0,-22.8,False,2.2,47.8,5645.0,0.45
2024-11-25,10:30,0,0.0,4.5,True,-31.4,52.7,5820.0,0.7
2024-11-27,09:35,0,0.0,6.1,True,-17.6,31.0,5850.0,0.7
2024-11-27,10:30,0,0.0,-0.2,True,-17.6,31.0,5835.0,0.6
2024-12-04,09:35,1,0.5,-7.5,False,18.5,23.6,5920.0,0.5
2024-12-04,10:30,1,0.5,-8.5,False,18.5,23.6,5920.0,0.5
2024-12-18,09:35,1,0.5,95.6,True,-141.6,194.7,5855.0,1.4
2024-12-18,10:30,2,1.0,107.1,True,-141.6,194.7,5875.0,1.55
2025-01-15,09:35,2,1.0,-17.6,False,25.9,40.8,5715.0,0.6
2025-01-15,10:30,1,0.5,-7.9,False,25.9,40.8,5740.0,0.7
2025-01-22,09:35,1,0.5,-5.7,False,8.6,21.4,5895.0,0.65
2025-01-22,10:30,1,0.5,-1.0,True,8.6,21.4,5910.0,0.7
2025-01-29,09:35,2,1.0,4.5,True,-13.5,47.1,5840.0,0.75
2025-01-29,10:30,1,0.5,3.7,True,-13.5,47.1,5840.0,0.75
2025-02-05,09:35,1,0.5,-16.6,False,26.3,51.0,5810.0,0.6
2025-02-05,10:30,2,1.0,-15.6,False,26.3,51.0,5810.0,0.6
2025-02-19,09:35,1,0.5,-13.0,False,22.1,34.3,5915.0,0.5
2025-02-19,10:30,1,0.5,-13.8,False,22.1,34.3,5915.0,0.5
2025-02-27,09:35,0,0.0,65.2,True,-106.2,109.4,5745.0,1.2
2025-02-27,10:30,2,1.0,50.0,True,-106.2,109.4,5715.0,1.1
2025-02-28,09:35,2,1.0,-41.2,False,74.1,80.1,5565.0,0.45
2025-02-28,10:30,1,0.5,-14.5,False,74.1,80.1,5635.0,0.7
2025-03-18,09:35,0,0.0,20.0,True,-38.5,44.5,5375.0,0.9
2025-03-18,10:30,3,1.5,3.4,True,-38.5,44.5,5340.0,0.85
2025-03-31,09:35,1,0.5,-53.3,False,105.5,121.9,5215.0,0.45
2025-03-31,10:30,1,0.5,-46.5,False,105.5,121.9,5235.0,0.5
2025-04-16,09:35,1,0.5,52.9,True,-100.8,140.1,4970.0,1.05
2025-04-16,10:30,1,0.5,48.2,True,-100.8,140.1,4965.0,1.05
2025-04-30,09:35,1,0.5,-35.2,False,64.0,109.8,5150.0,0.65
2025-04-30,10:30,1,0.5,-33.6,False,64.0,109.8,5155.0,0.65
2025-05-14,09:35,0,0.0,7.2,True,-19.1,29.9,5665.0,0.75
2025-05-14,10:30,2,1.0,-0.1,True,-19.1,29.9,5650.0,0.75
2025-05-20,09:35,1,0.5,4.1,True,-16.7,41.3,5695.0,0.75
2025-05-20,10:30,1,0.5,0.6,True,-16.7,41.3,5690.0,0.7
2025-05-21,09:35,1,0.5,27.0,True,-53.8,102.7,5650.0,0.3
2025-05-21,10:30,1,0.5,30.2,True,-53.8,102.7,5660.0,0.95
2025-05-29,09:35,0,0.0,6.5,True,-21.2,48.9,5680.0,0.7
2025-05-29,10:30,1,0.5,-4.1,True,-21.2,48.9,5655.0,0.65
2025-05-30,09:35,4,2.0,-13.8,False,19.3,68.0,5635.0,0.7
2025-05-30,10:30,1,0.5,-6.3,False,19.3,68.0,5650.0,0.7
2025-06-11,09:35,2,1.0,12.8,True,-28.1,51.4,5820.0,0.8
2025-06-18,09:35,1,0.5,-12.8,False,7.8,42.0,5695.0,0.6
2025-06-18,10:30,0,0.0,8.0,True,7.8,42.0,5745.0,0.7
2025-07-01,09:35,2,1.0,-11.8,False,19.0,28.7,5960.0,0.6
2025-07-01,10:30,1,0.5,-8.3,False,19.0,28.7,5970.0,0.65
2025-07-16,09:35,0,0.0,-6.3,True,11.8,60.4,6020.0,0.65
2025-07-16,10:30,1,0.5,-11.6,False,11.8,60.4,6005.0,0.6
2025-07-30,09:35,2,1.0,12.9,True,-30.8,54.6,6150.0,0.85
2025-07-30,10:30,1,0.5,16.7,True,-30.8,54.6,6160.0,0.75
2025-08-13,09:35,0,0.0,0.4,True,-8.7,33.0,6270.0,0.7
2025-08-13,10:30,2,1.0,-5.7,False,-8.7,33.0,6255.0,0.6
2025-08-20,09:35,0,0.0,-1.6,True,3.9,59.1,6175.0,0.65
2025-08-20,10:30,1,0.5,-26.3,False,3.9,59.1,6110.0,0.5
2025-09-17,09:35,3,1.5,-2.8,False,-5.4,67.4,6380.0,0.6
2025-09-17,10:30,3,1.5,-9.0,False,-5.4,67.4,6365.0,0.65
2025-10-01,09:35,1,0.5,-21.0,False,44.2,59.9,6425.0,0.55
2025-10-01,10:30,1,0.5,-16.9,False,44.2,59.9,6435.0,0.5
2025-10-22,09:35,1,0.5,8.3,True,-28.0,84.5,6445.0,0.65
2025-10-22,10:30,2,1.0,2.3,True,-28.0,84.5,6430.0,0.7
2025-10-28,09:35,0,0.0,1.1,True,6.4,36.7,6650.0,0.65
2025-10-28,10:30,1,0.5,-3.2,False,6.4,36.7,6640.0,0.7
2025-10-29,09:35,0,0.0,12.4,True,-27.9,63.0,6660.0,0.85
2025-10-29,10:30,1,0.5,10.0,True,-27.9,63.0,6655.0,0.8
2025-11-12,09:35,0,0.0,3.0,True,-9.1,35.0,6600.0,0.7
2025-11-12,10:30,1,0.5,-3.4,True,-9.1,35.0,6590.0,0.7
2025-11-19,09:35,3,1.5,-9.1,False,6.0,76.1,6265.0,0.65
2025-11-19,10:30,0,0.0,21.9,True,6.0,76.1,6340.0,0.8
2025-11-26,09:35,2,1.0,-14.8,False,23.0,41.2,6530.0,0.6
2025-11-26,10:30,1,0.5,-14.7,False,23.0,41.2,6530.0,0.6
2025-12-01,09:35,2,1.0,-8.7,False,8.6,37.7,6540.0,0.65
2025-12-01,10:30,1,0.5,-6.7,False,8.6,37.7,6545.0,0.65
2025-12-17,09:35,0,0.0,37.0,True,-68.2,75.3,6565.0,0.95
2025-12-17,10:30,0,0.0,31.9,True,-68.2,75.3,6555.0,0.9
2025-12-23,09:35,2,1.0,-15.3,False,27.6,34.3,6670.0,0.55
2025-12-23,10:30,1,0.5,-13.4,False,27.6,34.3,6675.0,0.5
2025-12-31,09:35,0,0.0,18.8,True,-40.1,40.8,6675.0,0.75
2025-12-31,10:30,1,0.5,12.0,True,-40.1,40.8,6660.0,0.75
