tradeDate,ticker,scenario,buy_surface_tier,sell_archetype,ranking_score,stockPrice,return_5d_pct,drawdown_20d_pct,extension_50d_pct,relative_return_63d_pct,rs63_cross_section_pct,ivRank1y,iv30d,rr25,rr25_pct252,callskew,callskew_pct252,call_wing_30,call_wing_10,call_wing_10_pct252,call_kink,call_kink_pct252,put_wing_10_pct252,iv10d_pct252,avgOptVolu20d,oi,dollar_stock_volume,confidence_core,mktWidthVol,nextErn,wksNextErn,earnings_near_front_expiry,sector,sectorName,bestEtf,universe_size,liquid_universe_size,chain_confirmed,failure_reason,expiry,dte,leg1_action,leg1_strike,leg1_delta,leg1_bid,leg1_ask,leg1_oi,leg1_volume,leg2_action,leg2_strike,leg2_bid,leg2_ask,leg2_oi,leg2_volume,spread_width,entry_cash,target_leg2_price,contract_wing_iv_points,event_inside_expiry,lower_otm_pct,selection_distance
2026-08-20,ASX,buy-first puke,,,57.73809523809524,36.51,-8.127830900855571,-8.42738901429646,-6.170491634756248,15.890985679511347,70.78346028291621,48.7,60.3579,2.5199,83.73015873015873,-0.1600999999999999,12.698412698412698,5.437599999999989,5.437599999999989,59.523809523809526,0.0,18.253968253968253,50.79365079365079,69.44444444444444,7518.65,148886,306254070.88,67.7593,13.66853,0000-00-00,10,False,Semiconductors,Technology,XLK,1838,569,True,,2026-09-18,30.0,BTO,47.5,0.08524280622889686,0.2,0.3,979.0,16.0,STO,50.0,0.1,0.2,3241.0,26.0,2.5,0.19999999999999998,,,False,30.101342098055326,2.6013420980553263
2026-08-17,GRPN,buy-first puke,,,54.54365079365079,20.33,-12.370689655172418,-27.65124555160143,-12.523020257826866,14.37173845315054,69.00647948164146,29.91,72.54119999999999,-0.3659000000000105,61.904761904761905,1.772199999999998,32.93650793650794,14.491400000000011,14.491400000000011,51.19047619047619,0.0,37.301587301587304,38.095238095238095,47.61904761904762,8509.25,163293,33322732.74,89.7516,6.87042,0000-00-00,11,False,Internet Content & Media,C. Cyclical,XLY,1852,556,True,,2026-09-18,33.0,BTO,26.0,0.173230709306305,0.35,0.45,220.0,2.0,STO,31.0,0.1,0.2,334.0,0.0,5.0,0.35,,,False,27.889818002951316,0.38981800295131563
2026-08-20,BB,buy-first puke,,,54.32539682539683,8.18,-9.513274336283184,-9.513274336283184,-13.787652030943695,31.892935400196,85.47334058759522,27.86,57.6067,-4.567299999999996,62.698412698412696,5.322600000000001,38.888888888888886,19.138200000000005,14.663300000000008,36.507936507936506,-11.08189999999999,9.126984126984128,87.6984126984127,18.253968253968253,26684.85,673775,101535763.68,64.5542,6.33011,0000-00-00,5,False,Infrastructure Software,Technology,XLK,1838,569,True,,2026-09-18,30.0,BTO,10.0,0.16734965655575876,0.12,0.13,17932.0,577.0,STO,13.0,0.03,0.05,19167.0,0.0,3.0,0.1,,,False,22.249388753056245,5.250611246943755
2026-08-20,RDW,buy-first puke,,,47.65873015873016,11.71,-11.888638073739644,-14.52554744525546,2.8022614741721297,-20.708470353383657,8.596300326441785,21.24,86.8813,-4.116099999999989,88.88888888888889,4.013300000000001,24.603174603174605,12.449300000000008,7.045099999999991,9.126984126984128,-2.7014000000000067,32.93650793650794,45.63492063492063,22.22222222222222,27631.75,393317,217397308.4,82.3322,11.72334,0000-00-00,10,False,Aerospace & Defense Manufacturing,Industrials,XLI,1838,569,True,,2026-09-18,30.0,BTO,15.0,0.20404810893554473,0.25,0.35,1646.0,532.0,STO,20.0,0.05,0.1,826.0,13.0,5.0,0.3,,,False,28.095644748078552,0.595644748078552
2026-08-21,SOUN,buy-first puke,,,47.261904761904766,7.37,-0.9408602150537626,-8.674101610904582,9.842613568618065,-10.919141010105992,17.92656587473002,4.26,67.06060000000001,-2.846199999999996,80.55555555555556,3.739899999999992,15.873015873015872,13.025199999999984,11.822400000000002,4.365079365079365,-3.496099999999984,37.301587301587304,37.698412698412696,3.5714285714285716,68158.15,730422,243922454.56,67.7511,5.16283,0000-00-00,10,False,Application Software,Technology,XLK,1852,597,True,,2026-10-16,57.0,BTO,9.0,0.286660806191396,0.32,0.36,5149.0,241.0,STO,14.0,0.05,0.07,4398.0,43.0,5.0,0.31,,,False,22.116689280868385,5.3833107191316145
2026-08-17,JD,buy-first puke,,,47.023809523809526,28.52,-14.636336426219687,-14.636336426219687,-2.2986536946319025,-13.511630760378424,15.550755939524835,13.19,30.128,0.0733999999999959,78.17460317460318,0.946200000000001,15.873015873015872,5.448299999999996,6.724500000000003,34.92063492063492,2.3122000000000043,75.0,26.58730158730159,14.682539682539682,32860.5,1010453,266731191.22,76.315,2.77635,0000-00-00,12,False,E-commerce & Internet Retail,C. Cyclical,XLY,1852,556,True,,2026-10-16,61.0,BTO,36.0,0.07334115418584831,0.12,0.14,371.0,1.0,STO,41.0,0.03,0.05,289.0,4.0,5.0,0.11000000000000001,,,False,26.22720897615709,1.2727910238429097
2026-08-14,BTDR,buy-first puke,,,46.25,9.04,-16.37372802960223,-27.15551974214344,-33.66403475300126,-39.0044041013044,1.7808958445763627,31.41,94.0773,0.0971999999999866,71.82539682539682,1.9701000000000164,18.650793650793652,15.602700000000011,10.736900000000006,23.41269841269841,-7.275999999999996,23.80952380952381,27.77777777777778,11.507936507936508,41289.9,477228,107524409.76,76.4454,16.58224,0000-00-00,12,False,Application Software,Technology,XLK,1853,549,True,,2026-09-18,36.0,BTO,11.0,0.3228217168761222,0.45,0.5,461.0,231.0,STO,16.0,0.05,0.15,674.0,281.0,5.0,0.45,,,False,21.68141592920354,5.818584070796462
2026-08-18,NVTS,buy-first puke,,,46.09126984126984,13.14,-2.954209748892156,-9.938313913639474,-15.272816372851194,-34.823515904850915,2.670299727520436,16.13,92.0822,-1.2727999999999895,69.44444444444444,1.5429999999999922,17.063492063492063,12.329799999999992,19.15679999999999,36.507936507936506,5.5020000000000095,59.523809523809526,78.17460317460318,15.873015873015872,45112.0,555113,217872162.18,93.8198,9.94824,0000-00-00,10,False,Semiconductors,Technology,XLK,1835,552,True,,2026-09-18,32.0,BTO,17.0,0.22033947750158334,0.38,0.41,2705.0,998.0,STO,22.0,0.09,0.11,1835.0,144.0,5.0,0.31999999999999995,,,False,29.375951293759517,1.8759512937595169
2026-08-20,UUUU,buy-first puke,,,45.29761904761905,13.82,-5.27758738862234,-8.959156785243739,1.625119494080418,-17.470139650809813,10.772578890097932,0.0,68.14829999999999,-0.1050000000000039,71.42857142857143,1.6684000000000054,36.904761904761905,7.020800000000008,10.166399999999996,39.68253968253968,4.006299999999996,61.507936507936506,35.714285714285715,1.984126984126984,16627.95,468225,102483636.75,89.5177,7.31519,0000-00-00,10,False,Uranium,Energy,XLE,1838,569,True,,2026-09-18,30.0,BTO,18.0,0.10447883491764169,0.13,0.16,4998.0,401.0,STO,21.0,0.02,0.09,121.0,5.0,3.0,0.14,,,False,30.246020260492035,2.7460202604920347
2026-08-18,DJT,buy-first puke,,,45.17857142857143,8.09,-9.608938547486025,-22.1366698748797,-7.388327952927176,-4.276877466604667,29.972752043596728,37.84,63.9803,-4.453400000000002,65.87301587301587,4.134600000000006,28.174603174603178,12.418900000000008,7.500999999999991,2.380952380952381,-10.246600000000017,10.317460317460318,9.92063492063492,29.761904761904763,23470.75,539297,38309573.7,60.3203,17.69162,0000-00-00,11,False,Internet Content & Media,Financials,XLF,1835,552,True,,2026-09-18,32.0,BTO,10.0,0.15133388501050385,0.14,0.19,4446.0,72.0,STO,13.0,0.04,0.05,1185.0,11.0,3.0,0.15,,,False,23.60939431396787,3.8906056860321314
2026-08-18,QS,buy-first puke,,,45.09920634920635,5.75,-8.439490445859876,-8.730158730158733,-10.525333001369352,-25.503110451833045,6.103542234332425,9.21,72.5397,-6.150499999999994,61.507936507936506,5.4589,21.03174603174603,16.069000000000003,16.95960000000001,22.61904761904762,-1.886099999999999,54.36507936507937,11.507936507936508,3.968253968253968,27885.9,734766,145567241.64000002,55.3735,8.28899,0000-00-00,9,False,Automotive Parts & Components,C. Cyclical,XLY,1835,552,True,,2026-09-18,32.0,BTO,7.0,0.23402161560173246,0.15,0.16,4589.0,250.0,STO,11.0,0.01,0.03,240.0,89.0,4.0,0.15,,,False,21.739130434782616,5.760869565217384
2026-08-17,LCID,buy-first puke,,,44.96031746031746,6.22,-5.471124620060797,-23.58722358722359,0.2772941252337402,0.6901223186580818,41.68466522678186,11.23,77.79209999999999,2.761599999999987,61.904761904761905,1.2921000000000191,24.603174603174605,13.87060000000001,8.125699999999995,11.507936507936508,-5.404800000000009,40.07936507936508,14.682539682539682,32.53968253968254,41562.05,744940,87942446.53999999,58.052,18.02618,0000-00-00,11,False,Automobile Manufacturing,C. Cyclical,XLY,1852,556,True,,2026-09-18,33.0,BTO,8.0,0.1614712793162604,0.08,0.13,11137.0,265.0,STO,12.0,0.01,0.06,383.0,0.0,4.0,0.12000000000000001,,,False,28.617363344051448,1.1173633440514479
2026-08-18,LWLG,buy-first puke,,,44.84126984126984,6.64,-12.401055408970985,-17.923362175525337,-13.629386820676912,-44.474531021355595,1.0354223433242506,29.3,108.495,-4.5049999999999955,67.85714285714286,4.191999999999993,38.888888888888886,22.96899999999999,22.96899999999999,63.888888888888886,0.0,14.285714285714286,43.25396825396825,5.555555555555555,2274.8,166540,23745305.92,62.4954,12.18235,0000-00-00,12,False,Specialized Chemicals,Materials,XLB,1835,552,True,,2026-09-18,32.0,BTO,8.0,0.35638908319335516,0.4,0.5,2574.0,127.0,STO,13.0,0.05,0.1,1259.0,4.0,5.0,0.45,,,False,20.481927710843383,7.018072289156617
2026-08-19,LMND,buy-first puke,,,44.84126984126984,51.14,-1.3883532587736225,-17.82098666238149,-14.497047355995909,-6.713819656472186,23.596730245231605,0.0,53.860699999999994,0.4056999999999959,64.28571428571429,0.5459000000000103,31.746031746031747,6.525200000000012,0.9900999999999982,7.142857142857143,-6.28540000000001,27.77777777777778,6.349206349206349,0.7936507936507936,6614.25,134394,77533986.03999999,72.9896,6.57019,0000-00-00,11,False,Property & Casualty Insurance,Financials,XLF,1835,570,True,,2026-09-18,31.0,BTO,65.0,0.08529248548995429,0.3,0.35,1802.0,58.0,STO,70.0,0.15,0.2,977.0,1.0,5.0,0.19999999999999998,,,False,27.10207274149394,0.3979272585060585
2026-08-19,INTC,buy-first puke,,,44.8015873015873,93.22,-7.529014978672755,-10.648902520847315,-14.35700688671827,-17.81820428157296,10.354223433242508,40.52,61.68860000000001,-1.7638000000000105,65.07936507936508,1.9066999999999936,34.12698412698413,10.404799999999994,9.876599999999996,29.761904761904763,2.525099999999995,46.03174603174603,33.73015873015873,43.65079365079365,810472.35,6189883,11407278614.08,98.0988,3.42146,0000-00-00,9,False,Semiconductors,Technology,XLK,1835,570,True,,2026-09-18,31.0,BTO,125.0,0.0895396899803486,0.66,0.69,12844.0,2287.0,STO,130.0,0.47,0.49,20620.0,3641.0,5.0,0.21999999999999997,,,False,34.091396695987996,6.591396695987996
2026-08-19,PGY,buy-first standard,good,,49.642857142857146,20.47,0.7381889763779403,-6.954545454545458,14.2681701462543,59.985746186622336,94.00544959128064,4.0,63.016000000000005,3.637000000000001,61.111111111111114,-1.116500000000002,29.365079365079364,2.1104999999999876,2.1104999999999876,29.365079365079364,0.0,30.555555555555557,42.06349206349206,1.5873015873015872,5256.4,202645,60739873.44,93.7682,7.22453,0000-00-00,11,False,Infrastructure Software,Technology,XLK,1835,570,True,,2026-09-18,31.0,BTO,25.0,0.1524411463880805,0.25,0.3,6708.0,312.0,STO,26.0,0.15,0.2,274.0,9.0,1.0,0.3,0.4,,False,,
2026-08-20,MSTR,sell-first,,grab,54.08730158730158,112.06,14.370279648907935,0.0,12.13153992247056,-32.462050613937585,3.046789989118607,54.85,78.2645,-9.690299999999992,0.0,5.830399999999997,99.2063492063492,23.176500000000004,26.69410000000001,96.42857142857144,8.100999999999999,88.88888888888889,0.0,81.34920634920636,397418.85,3013208,1808857700.25,97.8587,3.98799,0000-00-00,10,False,Application Software,Technology,XLK,1838,569,True,,2026-08-28,9.0,STO,150.0,0.04308134905750613,0.32,0.38,2474.0,1949.0,BTO,145.0,0.43,0.5,442.0,396.0,5.0,0.32,0.22,28.332065544464413,False,,
