scenario,ticker,signal_date,tradeDate,stockPrice,leg1_bid,leg1_ask,leg2_bid,leg2_ask,spread_bid,paired_close_proxy,mark_value_per_share,mark_pnl_dollars,spread_multiple
buy-first puke,ASX,2026-08-20,2026-08-21,36.42,0.15,0.25,0.1,0.2,0.0,False,-0.1999999999999999,-19.99999999999999,0.0
buy-first puke,GRPN,2026-08-17,2026-08-18,20.2,0.3,0.45,0.0,0.5,0.0,False,-0.35,-35.0,0.0
buy-first puke,GRPN,2026-08-17,2026-08-19,20.67,0.35,0.45,0.0,0.15,0.19999999999999998,False,-0.15,-15.0,0.5714285714285714
buy-first puke,GRPN,2026-08-17,2026-08-20,19.7,0.2,0.4,0.0,0.5,0.0,False,-0.35,-35.0,0.0
buy-first puke,GRPN,2026-08-17,2026-08-21,19.75,0.2,0.25,0.0,0.5,0.0,False,-0.35,-35.0,0.0
buy-first puke,BB,2026-08-20,2026-08-21,8.07,0.09,0.1,0.01,0.03,0.06,False,-0.04000000000000001,-4.000000000000001,0.6
buy-first puke,RDW,2026-08-20,2026-08-21,12.13,0.35,0.4,0.05,0.1,0.24999999999999997,False,-0.05000000000000002,-5.000000000000002,0.8333333333333333
buy-first puke,JD,2026-08-17,2026-08-18,28.74,0.11,0.16,0.0,0.12,0.0,False,-0.11,-11.0,0.0
buy-first puke,JD,2026-08-17,2026-08-19,29.29,0.13,0.22,0.0,0.12,0.010000000000000009,False,-0.09999999999999999,-10.0,0.090909090909091
buy-first puke,JD,2026-08-17,2026-08-20,29.38,0.14,0.22,0.0,0.14,0.0,False,-0.11,-11.0,0.0
buy-first puke,JD,2026-08-17,2026-08-21,29.38,0.13,0.24,0.0,0.14,0.0,False,-0.11,-11.0,0.0
buy-first puke,BTDR,2026-08-14,2026-08-17,9.34,0.5,0.55,0.05,0.1,0.4,False,-0.04999999999999999,-4.999999999999999,0.888888888888889
buy-first puke,BTDR,2026-08-14,2026-08-18,8.89,0.25,0.4,0.05,0.1,0.15,False,-0.30000000000000004,-30.000000000000004,0.3333333333333333
buy-first puke,BTDR,2026-08-14,2026-08-19,9.75,0.55,0.7,0.05,0.2,0.35000000000000003,False,-0.09999999999999998,-9.999999999999998,0.7777777777777778
buy-first puke,BTDR,2026-08-14,2026-08-20,10.54,1.0,1.15,0.15,0.25,0.75,False,0.3,30.0,1.6666666666666665
buy-first puke,BTDR,2026-08-14,2026-08-21,11.3,1.35,1.5,0.2,0.35,1.0,False,0.55,55.00000000000001,2.2222222222222223
buy-first puke,NVTS,2026-08-18,2026-08-19,12.77,0.3,0.35,0.07,0.09,0.21,False,-0.1099999999999999,-10.999999999999991,0.6562500000000002
buy-first puke,NVTS,2026-08-18,2026-08-20,12.96,0.29,0.33,0.01,0.12,0.16999999999999998,False,-0.1499999999999999,-14.999999999999991,0.5312500000000001
buy-first puke,NVTS,2026-08-18,2026-08-21,12.98,0.29,0.34,0.06,0.1,0.18999999999999997,False,-0.12999999999999992,-12.999999999999993,0.5937500000000001
buy-first puke,UUUU,2026-08-20,2026-08-21,15.18,0.42,0.45,0.11,0.16,0.26,False,0.12,12.0,1.857142857142857
buy-first puke,DJT,2026-08-18,2026-08-19,8.35,0.16,0.21,0.05,0.06,0.1,False,-0.04999999999999999,-4.999999999999999,0.6666666666666667
buy-first puke,DJT,2026-08-18,2026-08-20,8.54,0.2,0.27,0.01,0.08,0.12000000000000001,False,-0.029999999999999985,-2.9999999999999987,0.8
buy-first puke,DJT,2026-08-18,2026-08-21,9.1,0.32,0.38,0.05,0.15,0.17,False,0.020000000000000018,2.0000000000000018,1.1333333333333335
buy-first puke,QS,2026-08-18,2026-08-19,5.83,0.14,0.16,0.0,0.05,0.09000000000000001,False,-0.059999999999999984,-5.999999999999998,0.6000000000000001
buy-first puke,QS,2026-08-18,2026-08-20,5.63,0.1,0.12,0.0,0.07,0.03,False,-0.12,-12.0,0.2
buy-first puke,QS,2026-08-18,2026-08-21,6.0,0.15,0.18,0.0,0.07,0.07999999999999999,False,-0.07,-7.000000000000001,0.5333333333333333
buy-first puke,LCID,2026-08-17,2026-08-18,5.78,0.08,0.1,0.0,0.11,0.0,False,-0.12,-12.0,0.0
buy-first puke,LCID,2026-08-17,2026-08-19,5.88,0.07,0.1,0.0,0.24,0.0,False,-0.12,-12.0,0.0
buy-first puke,LCID,2026-08-17,2026-08-20,5.7,0.04,0.09,0.0,0.08,0.0,False,-0.12,-12.0,0.0
buy-first puke,LCID,2026-08-17,2026-08-21,5.54,0.04,0.08,0.0,0.11,0.0,False,-0.12,-12.0,0.0
buy-first puke,LWLG,2026-08-18,2026-08-19,6.22,0.25,0.35,0.0,0.1,0.15,False,-0.30000000000000004,-30.000000000000004,0.3333333333333333
buy-first puke,LWLG,2026-08-18,2026-08-20,6.12,0.2,0.25,0.0,0.1,0.1,False,-0.35,-35.0,0.22222222222222224
buy-first puke,LWLG,2026-08-18,2026-08-21,6.24,0.2,0.3,0.0,0.1,0.1,False,-0.35,-35.0,0.22222222222222224
buy-first puke,LMND,2026-08-19,2026-08-20,50.48,0.25,0.3,0.1,0.15,0.1,False,-0.0999999999999999,-9.99999999999999,0.5000000000000003
buy-first puke,LMND,2026-08-19,2026-08-21,53.39,0.45,0.5,0.15,0.2,0.25,False,0.0500000000000001,5.00000000000001,1.2500000000000007
buy-first puke,INTC,2026-08-19,2026-08-20,92.41,0.63,0.68,0.46,0.48,0.15000000000000002,False,-0.06999999999999987,-6.999999999999987,0.6818181818181822
buy-first puke,INTC,2026-08-19,2026-08-21,90.08,0.43,0.46,0.3,0.34,0.08999999999999997,False,-0.12999999999999992,-12.999999999999993,0.40909090909090917
buy-first standard,PGY,2026-08-19,2026-08-20,20.2,0.2,0.3,0.1,0.15,0.05000000000000002,False,-0.09999999999999998,-9.999999999999998,
buy-first standard,PGY,2026-08-19,2026-08-21,21.59,0.35,0.5,0.25,0.35,0.0,False,0.04999999999999999,4.999999999999999,
sell-first,MSTR,2026-08-20,2026-08-21,119.14,0.47,0.5,0.65,0.71,0.15000000000000002,False,-0.18,-18.0,
